Country Name,Country Code,Series Name,Series Code,2005 [YR2005],2006 [YR2006],2007 [YR2007],2008 [YR2008],2009 [YR2009],2010 [YR2010],2011 [YR2011],2012 [YR2012],2013 [YR2013],2014 [YR2014],2015 [YR2015],2016 [YR2016],2017 [YR2017],2018 [YR2018],2019 [YR2019],2020 [YR2020],2021 [YR2021],2022 [YR2022],2023 [YR2023],2024 [YR2024]
American Samoa,ASM,GDP per capita (current US$),NY.GDP.PCAP.CD,8831.26975996609,8745.16621137404,9231.37240924563,10030.8089130902,12156.0293905777,10375.1720141957,10383.459331451,11745.4899153958,11813.5022034589,12026.3344929488,12727.4102651386,12843.3342903627,11863.6839452565,12552.0546868861,12886.1359517218,14489.2586563775,15236.1604875571,18017.4589383973,..,..
American Samoa,ASM,"Life expectancy at birth, total (years)",SP.DYN.LE00.IN,72.382,72.397,72.365,72.43,70.839,72.587,72.662,72.709,72.769,72.687,72.654,72.64,72.801,72.794,72.751,72.672,72.708,72.752,72.852,..
American Samoa,ASM,"Birth rate, crude (per 1,000 people)",SP.DYN.CBRT.IN,27.578,26.017,24.482,23.625,22.976,22.361,21.784,21.266,20.73,20.317,19.821,19.141,18.206,17.204,16.304,15.658,15.649,15.522,15.388,..
American Samoa,ASM,Population growth (annual %),SP.POP.GROW,-0.354388346392294,-0.43012341626739,-0.464054456743541,-0.509197909248079,-0.538813760911533,-0.541732698337665,-0.604780136721016,-0.742342325127959,-0.890369493241287,-1.00492136443654,-1.10585645130594,-1.20431808595042,-1.26938746413556,-1.32302357149178,-1.38257886328442,-0.896274880494128,-1.0829920166826,-1.81008765020754,-1.71290294190977,-1.60366587175019
American Samoa,ASM,"Fertility rate, total (births per woman)",SP.DYN.TFRT.IN,3.863,3.685,3.509,3.42,3.359,3.292,3.169,3.043,2.932,2.852,2.78,2.699,2.598,2.494,2.404,2.36,2.327,2.305,2.286,..
American Samoa,ASM,Urban population (% of total population),SP.URB.TOTL.IN.ZS,87.7798357749499,87.4983609900321,87.2017863350389,86.9001769674517,86.6035980447517,86.3190673549669,86.0284991724475,85.7161174344451,85.3846465194761,85.0351448001542,84.668670649093,84.2862824389061,83.8890385422071,83.4779973316097,83.0542171797274,82.6240780620716,82.2127091544092,81.794797704649,81.3721542708222,80.9446986961818
American Samoa,ASM,"School enrollment, secondary (% gross)",SE.SEC.ENRR,..,..,..,..,..,..,..,..,..,..,..,..,..,..,..,..,..,..,..,..
American Samoa,ASM,"School enrollment, primary (% gross)",SE.PRM.ENRR,..,..,..,..,..,..,..,..,..,..,..,..,..,..,..,..,..,..,..,..
American Samoa,ASM,Current health expenditure per capita (current US$),SH.XPD.CHEX.PC.CD,..,..,..,..,..,..,..,..,..,..,..,..,..,..,..,..,..,..,..,..
American Samoa,ASM,"Labor force participation rate, total (% of total population ages 15+) (modeled ILO estimate)",SL.TLF.CACT.ZS,..,..,..,..,..,..,..,..,..,..,..,..,..,..,..,..,..,..,..,..
American Samoa,ASM,Exports of goods and services (% of GDP),NE.EXP.GNFS.ZS,99.6,100.405679513185,97.4903474903475,114.464285714286,78.5185185185185,63.5253054101222,58.7719298245614,75.46875,71.7868338557994,66.7185069984448,63.5958395245171,63.9344262295082,59.1503267973856,68.2316118935837,61.6692426584235,59.2233009708738,44.2666666666667,46.9575200918485,..,..
Australia,AUS,GDP per capita (current US$),NY.GDP.PCAP.CD,34535.20727091,36658.8243476122,41128.2476618402,49811.2067218988,42954.8494884573,52313.8939041213,62799.3895017032,68301.4402512587,68476.6788496118,62817.2061751737,56970.3613028094,50084.4440606385,54117.547718609,57410.1737346009,55194.7585097428,51983.4523666382,60758.9044397144,65169.5191118657,65058.3773146674,64603.9856308464
Australia,AUS,"Life expectancy at birth, total (years)",SP.DYN.LE00.IN,80.8414634146341,81.0414634146342,81.2926829268293,81.3951219512195,81.5439024390244,81.6951219512195,81.8951219512195,82.0463414634146,82.1487804878049,82.3,82.4,82.4487804878049,82.5,82.7487804878049,82.9,83.2,83.3,83.2,83.0512195121951,..
Australia,AUS,"Birth rate, crude (per 1,000 people)",SP.DYN.CBRT.IN,12.8,12.9,14.1,14,13.9,13.7,13.6,13.7,13.3,13.2,12.9,12.9,12.6,12.6,12.1,11.5,12.1,11.6,10.8,..
Australia,AUS,Population growth (annual %),SP.POP.GROW,1.21729073052406,1.34945083098893,1.82499679529254,2.00391140524272,2.06083316277243,1.55570626204128,1.38952731561803,1.74582000067359,1.721151439989,1.49156648912847,1.43921665259925,1.56194049810399,1.64682779735017,1.49599671041328,1.47749071058438,1.23342825131378,0.14089508329287,1.28931130985537,2.43450716351535,1.99383715356028
Australia,AUS,"Fertility rate, total (births per woman)",SP.DYN.TFRT.IN,1.807,1.908,1.959,1.984,1.971,1.928,1.926,1.92,1.855,1.826,1.814,1.752,1.741,1.74,1.657,1.581,1.7,1.63,1.5,..
Australia,AUS,Urban population (% of total population),SP.URB.TOTL.IN.ZS,85.6190871221958,85.7492544263523,85.8968519574969,86.0253816967666,86.1278139101818,86.2198600512143,86.3268946146423,86.4451259136625,86.5740515760243,86.7221289343356,86.8778642539361,87.0166295249235,87.12809266445,87.2267680845925,87.3019647888406,87.2713470458985,87.2353407632761,87.3343268253813,87.4866955653765,87.6021469990446
Australia,AUS,"School enrollment, secondary (% gross)",SE.SEC.ENRR,..,..,..,..,..,..,..,..,..,..,159.110763549805,155.594390869141,153.576126098633,136.105545043945,144.056564331055,137.490737915039,135.526565551758,133.277267456055,134.099243164062,..
Australia,AUS,"School enrollment, primary (% gross)",SE.PRM.ENRR,103.397911071777,103.562561035156,105.422981262207,105.24462890625,105.215629577637,105.488502502441,105.274879455566,105.669723510742,105.802581787109,105.461601257324,101.665489196777,101.180686950684,100.637657165527,100.398712158203,100.199699401855,99.9011077880859,99.9291534423828,99.1329879760742,99.3657531738281,..
Australia,AUS,Current health expenditure per capita (current US$),SH.XPD.CHEX.PC.CD,2995.87255859,3174.86865234,3792.80981445,4083.42944336,3989.44116211,4947.96337891,5876.88525391,6038.87158203,5811.86865234,6098.25439453,5271.93310547,5418.43652344,5770.69042969,5843.64794922,5543.37841797,5968.00341797,7092.13476563,6723.98242188,6980.38525391,..
Australia,AUS,"Labor force participation rate, total (% of total population ages 15+) (modeled ILO estimate)",SL.TLF.CACT.ZS,64.509,64.85,65.275,65.564,65.502,65.48,65.514,65.245,65.025,64.787,65.076,64.952,65.248,65.804,66.088,65.028,66.147,66.89,67.023,66.719
Australia,AUS,Exports of goods and services (% of GDP),NE.EXP.GNFS.ZS,18.1951172148922,19.8193564623907,20.1458953527592,20.1044121403643,22.9369071089635,19.7322237124156,21.3710952598475,21.4212330245448,19.8931411047873,20.9959179912807,19.9846454503255,19.2031438783351,21.1718412211076,21.8125736575066,24.0624800210722,23.9380373915413,22.0018144228925,25.4615298373659,26.701068252275,24.6215240529473
Brunei Darussalam,BRN,GDP per capita (current US$),NY.GDP.PCAP.CD,29386.2703822862,34674.7995236452,36217.3290706015,42156.5685838672,30946.4673773828,34937.5555357155,46382.8274255349,46968.5971164922,44003.0644273461,41026.5084247957,30625.1287744656,26663.2972950602,28024.3824580252,30988.1190267227,30426.5730656528,26834.3592233943,31006.9636289785,36632.9280952155,32890.5491812019,33153.4738913513
Brunei Darussalam,BRN,"Life expectancy at birth, total (years)",SP.DYN.LE00.IN,74.683,74.753,74.793,74.814,74.814,74.82,74.835,74.843,74.854,74.862,74.88,74.905,74.943,74.992,75.049,75.114,74.869,72.917,75.327,..
Brunei Darussalam,BRN,"Birth rate, crude (per 1,000 people)",SP.DYN.CBRT.IN,16.713,16.262,15.943,16.015,16.241,16.577,16.966,17.096,16.913,16.627,16.239,15.785,15.334,14.924,14.572,14.284,14.06,13.847,13.59,..
Brunei Darussalam,BRN,Population growth (annual %),SP.POP.GROW,1.68724773243682,1.58852615956489,1.68860465252749,1.84867406299599,1.87722246166003,1.89897689252094,1.78274591747739,1.53255515873327,1.38231470645459,1.34019436885468,1.30210359279592,1.25964272152269,1.2107045656128,1.15739958778106,1.10621350885567,1.06148281648515,0.96027430523198,0.804554269312164,0.782881746925984,0.81851878860359
Brunei Darussalam,BRN,"Fertility rate, total (births per woman)",SP.DYN.TFRT.IN,2.024,1.969,1.933,1.918,1.921,1.937,1.957,1.973,1.978,1.969,1.947,1.915,1.881,1.848,1.819,1.796,1.778,1.764,1.747,..
Brunei Darussalam,BRN,Urban population (% of total population),SP.URB.TOTL.IN.ZS,73.552870858133,74.0148299904911,74.4344860960786,74.7929411399737,75.0712970872547,75.2506559029998,75.312125504778,75.2714233503027,75.1756915148608,75.0572639801502,74.9484620568562,74.8816070556641,74.8476440654983,74.8172471714305,74.7923311783673,74.7748108912151,74.7667316936175,74.7772642014221,74.8199193881365,74.8983133873697
Brunei Darussalam,BRN,"School enrollment, secondary (% gross)",SE.SEC.ENRR,93.6873092651367,97.5592575073242,98.3408584594727,98.7723617553711,100.720039367676,101.011688232422,102.111122131348,105.229759216309,102.392692565918,96.2848663330078,92.8161697387695,90.0986175537109,88.6814727783203,89.1818084716797,88.2910308837891,86.6857810342997,89.5956009698649,89.8513650597627,91.8381544399811,..
Brunei Darussalam,BRN,"School enrollment, primary (% gross)",SE.PRM.ENRR,119.844757080078,121.505966186523,122.321258544922,116.783126831055,112.532432556152,108.70580714953,104.830894583323,103.310538143682,103.895142180095,103.847709576297,104.185794604632,105.726377387079,104.567053854277,104.179996298549,103.033008586959,102.709633966272,101.387926832397,99.134912983916,96.9292188716198,..
Brunei Darussalam,BRN,Current health expenditure per capita (current US$),SH.XPD.CHEX.PC.CD,657.31945801,664.74499512,710.42297363,792.01367188,739.28015137,795.97766113,864.63787842,869.36553955,835.32452393,785.41210938,731.04980469,679.46929932,636.22973633,748.69073486,678.81982422,658.38983154,665.87030029,648.55499268,733.00543213,..
Brunei Darussalam,BRN,"Labor force participation rate, total (% of total population ages 15+) (modeled ILO estimate)",SL.TLF.CACT.ZS,67.792,67.571,67.251,66.9,66.665,66.558,66.505,66.382,66.184,65.946,65.682,65.421,65.191,66.433,64.793,63.954,63.895,64.083,64.733,64.509
Brunei Darussalam,BRN,Exports of goods and services (% of GDP),NE.EXP.GNFS.ZS,58.5718065403264,60.1605718986421,56.9641140757782,65.9431408022612,59.7036049151399,67.4082522381788,69.5063427645584,70.1597309927892,68.0441177780807,68.1771018484597,52.2130112286937,49.5777773794133,49.5733065230099,51.9332397866186,57.946040538108,57.3561114159878,80.1689108084537,86.3893568836847,76.7032024805205,74.2707417079449
Cambodia,KHM,GDP per capita (current US$),NY.GDP.PCAP.CD,525.797325120926,612.252648550727,731.692295125426,866.283999789749,875.748936193569,952.274616324008,1088.98152823081,1192.80263041673,1305.6600972686,1431.56396469993,1547.32010444393,1675.19555711109,1826.35391688754,2036.67377566578,2225.87705485686,2081.73914242939,2167.40324198499,2325.03050040841,2429.74853452838,2627.87969756224
Cambodia,KHM,"Life expectancy at birth, total (years)",SP.DYN.LE00.IN,64.113,64.886,65.549,66.147,66.747,67.311,67.869,68.371,68.755,69.117,69.398,69.635,69.842,69.993,70.127,70.059,69.301,70.528,70.668,..
Cambodia,KHM,"Birth rate, crude (per 1,000 people)",SP.DYN.CBRT.IN,26.104,26.127,26.209,25.88,25.625,25.036,24.631,24.578,24.56,24.403,24.218,23.956,23.655,23.372,22.988,22.409,21.905,21.279,20.752,..
Cambodia,KHM,Population growth (annual %),SP.POP.GROW,1.4576145365221,1.47594305468246,1.47554433066197,1.51791486007376,1.57665618141569,1.55621745380597,1.51839242344005,1.49998418675996,1.49510212980529,1.4824372519955,1.46023762985186,1.45860767566845,1.38176596089867,1.24368277407927,1.26258301009769,1.47062988552696,1.47677836241244,1.33088813106016,1.28320677599476,1.22593986324555
Cambodia,KHM,"Fertility rate, total (births per woman)",SP.DYN.TFRT.IN,3.238,3.175,3.13,3.048,2.971,2.859,2.782,2.751,2.742,2.734,2.729,2.725,2.719,2.724,2.725,2.699,2.664,2.616,2.579,..
Cambodia,KHM,Urban population (% of total population),SP.URB.TOTL.IN.ZS,19.0922720052225,19.2299832388976,19.4035705019128,19.6574509865325,20.1979728726519,21.1232251168762,22.3824788531276,23.9411047582349,25.7644735090271,27.8179557823331,30.0669222549819,32.4767436038024,35.0127905056235,37.6404336372742,39.5830241256026,39.832658030922,40.1091858128847,40.374616187368,40.6290788072508,40.8727033252729
Cambodia,KHM,"School enrollment, secondary (% gross)",SE.SEC.ENRR,..,39.1435394287109,41.7365608215332,44.2504997253418,..,..,..,..,..,..,..,..,48.9424458707368,50.199099715459,49.7344518908574,51.8196983337402,54.2809323078227,55.1346812645406,56.7864734981041,58.7893230437643
Cambodia,KHM,"School enrollment, primary (% gross)",SE.PRM.ENRR,129.551315307617,128.404861450195,127.717086791992,124.066017150879,123.781600952148,123.357803344727,118.762440557356,115.41843697639,115.808136523857,108.942219609284,103.759672683505,101.734266788056,100.69503505776,99.6739108443274,100.480819545412,107.021018981934,105.282475574163,106.331544381276,107.039014463223,108.971332849667
Cambodia,KHM,Current health expenditure per capita (current US$),SH.XPD.CHEX.PC.CD,32.33660507,32.84370041,32.39221573,48.62422562,55.25073624,53.58575439,65.3871994,68.90019989,65.39577484,63.1011467,70.23264313,75.22520447,77.97311401,91.59080505,112.5851059,106.79976654,137.38909912,103.89541626,114.56295776,..
Cambodia,KHM,"Labor force participation rate, total (% of total population ages 15+) (modeled ILO estimate)",SL.TLF.CACT.ZS,80.826,81.027,81.226,78.939,82.016,84.751,85.439,82.987,80.219,80.293,79.603,81.735,81.409,81.911,82.422,82.238,79.51,82.338,82.348,82.373
Cambodia,KHM,Exports of goods and services (% of GDP),NE.EXP.GNFS.ZS,61.0399163553182,64.672329331268,61.1365869942825,61.7787856845594,46.2109950081593,50.2265428540514,49.9211772643531,53.285002586552,56.6205657745424,56.629548029687,55.9812203124044,56.4318377218234,56.3000536720904,55.4713973566208,55.4468679729119,59.9217979409609,72.3610346435508,72.2070606780988,66.8926660552171,71.3635841655888
China,CHN,GDP per capita (current US$),NY.GDP.PCAP.CD,1777.64496828464,2129.25696999613,2734.72709877693,3523.44302065213,3898.24459158811,4629.24551710077,5703.76027973346,6405.0574241349,7147.03518622344,7781.06597484974,8175.33285077393,8254.86859320357,8979.67652709856,10085.6638148819,10342.9009524335,10627.4637989619,12887.4357242941,12970.6056414327,12951.1782397043,13303.1481543868
China,CHN,"Life expectancy at birth, total (years)",SP.DYN.LE00.IN,74.085,74.404,74.789,74.833,75.317,75.668,75.889,76.2,76.452,76.714,76.975,77.214,77.235,77.709,77.94,78.019,78.117,78.202,77.953,..
China,CHN,"Birth rate, crude (per 1,000 people)",SP.DYN.CBRT.IN,12.4,12.09,12.1,12.14,11.95,11.9,13.27,14.57,13.03,13.83,11.99,13.57,12.64,10.86,10.41,8.52,7.52,6.77,6.39,..
China,CHN,Population growth (annual %),SP.POP.GROW,0.588124989556992,0.558374367373002,0.522271866392275,0.51238693163744,0.497381400884935,0.482959688678361,0.546457594880274,0.678345458846803,0.666072977690069,0.630326389541893,0.581456146657648,0.573050906069647,0.605245013482969,0.467672053461959,0.354740890170827,0.238040870229883,0.0892522000412526,-0.0130995013525784,-0.103794531589067,-0.123063407363995
China,CHN,"Fertility rate, total (births per woman)",SP.DYN.TFRT.IN,1.624,1.644,1.666,1.701,1.714,1.687,1.668,1.798,1.714,1.769,1.67,1.772,1.795,1.539,1.496,1.236,1.117,1.034,0.999,..
China,CHN,Urban population (% of total population),SP.URB.TOTL.IN.ZS,42.9899978637695,44.3430099487305,45.8892440795898,46.9895057678223,48.3417053222656,49.2340270628041,51.8300285339355,53.1003112792969,54.4900016784668,55.7502555847168,57.3297843933105,58.8399238586426,60.2402687072754,61.5001983642578,62.7099151611328,63.5234230266258,64.721076965332,65.2176361083984,65.5301448035523,65.8946980998325
China,CHN,"School enrollment, secondary (% gross)",SE.SEC.ENRR,..,74.0575637817383,78.1607131958008,82.6792526245117,88.2874984741211,90.7829173331445,92.0329425203903,92.2603063015232,..,..,..,..,..,..,..,..,..,..,..,..
China,CHN,"School enrollment, primary (% gross)",SE.PRM.ENRR,..,105.243812561035,105.438949584961,106.201782226562,105.59065246582,104.181700271,103.329573551865,103.181119624843,101.231978727477,96.8963827081444,96.340011477005,96.8787921899343,97.5379880463436,97.8103054615567,97.8174906065295,98.7860625918346,99.2294555866603,100.09807464465,99.1718634239571,99.644962886981
China,CHN,Current health expenditure per capita (current US$),SH.XPD.CHEX.PC.CD,73.00266266,82.48256683,98.5569458,133.83999634,164.87619019,188.87156677,239.19824219,284.69760132,329.08572388,362.28695679,393.09768677,398.17489624,439.94006348,504.10980225,538.99157715,582.95092773,670.25897217,755.43597412,763.37762451,..
China,CHN,"Labor force participation rate, total (% of total population ages 15+) (modeled ILO estimate)",SL.TLF.CACT.ZS,72.605,72.281,71.954,71.625,71.294,70.96,70.86,70.41,69.97,69.65,69.3,68.88,68.35,67.81,67.38,65.721,67.11,65.8,65.83,64.91
China,CHN,Exports of goods and services (% of GDP),NE.EXP.GNFS.ZS,33.3687977498922,35.5268468681701,34.9066956194649,32.092513602143,24.3307718125403,26.7227451502469,26.1518828948759,25.07670432956,24.1633430905854,23.0719766947263,20.9390642234326,19.2036507365412,19.3356301657728,18.770519802938,18.0557069597496,18.2035821684822,19.5262422245091,20.2977316914005,19.102471716101,20.0229166362049
Fiji,FJI,GDP per capita (current US$),NY.GDP.PCAP.CD,3377.69126953493,3455.10599907349,3762.74692789299,3899.92231512129,3164.13275408169,3449.14452883369,4139.60288609702,4341.40338748749,4572.44377544245,5293.35676680464,5097.53106864695,5363.79026679243,5826.84814459328,6085.41979485376,5842.07344577597,4620.6457238014,4536.73312110335,5414.12092119088,5926.20586394763,6425.74151715712
Fiji,FJI,"Life expectancy at birth, total (years)",SP.DYN.LE00.IN,65.983,66.126,66.161,66.32,66.347,66.778,66.88,65.812,66.545,66.581,66.48,66.657,67.06,66.965,67.009,66.924,64.904,67.148,67.316,..
Fiji,FJI,"Birth rate, crude (per 1,000 people)",SP.DYN.CBRT.IN,24.003,23.964,23.716,23.293,22.839,22.328,21.76,21.583,21.495,21.291,20.998,20.55,20.029,19.601,19.226,18.828,18.55,18.242,17.996,..
Fiji,FJI,Population growth (annual %),SP.POP.GROW,0.912261662506839,0.900982208728377,0.835147738211046,0.618134789575492,0.424160517694519,0.34990116341096,0.28188992280493,0.211061144367838,0.156612656036956,0.134464835572885,0.108160342715375,0.0639915048086223,-0.0442890767199793,-0.172010114641272,-0.24900685817593,0.00699506301854314,0.190863715994045,0.295294727557318,0.51237740019889,0.500721796949901
Fiji,FJI,"Fertility rate, total (births per woman)",SP.DYN.TFRT.IN,2.917,2.905,2.872,2.819,2.76,2.696,2.631,2.612,2.604,2.591,2.567,2.518,2.461,2.419,2.385,2.357,2.332,2.305,2.281,..
Fiji,FJI,Urban population (% of total population),SP.URB.TOTL.IN.ZS,49.8421361321385,50.2294752725468,50.6494569776975,51.0979752573339,51.5628013169579,52.0415147785104,52.5335449475105,53.0383211294771,53.5552726299291,54.0838287543856,54.6234188083653,55.1734720973874,55.7408343449609,56.2328347385698,56.70989552257,57.186684691874,57.6618364761928,58.1352701465266,58.6069049738768,59.0766602292457
Fiji,FJI,"School enrollment, secondary (% gross)",SE.SEC.ENRR,..,79.7871704101562,79.2860107421875,79.2769012451172,79.3391189575195,..,83.9304962158203,82.1471405029297,..,88.1849686883865,87.836769819804,89.18202295018,..,92.0806759919252,91.8760588497548,91.541633605957,93.95505855048,95.3068339697491,98.540177642079,98.0927630329298
Fiji,FJI,"School enrollment, primary (% gross)",SE.PRM.ENRR,..,98.807487487793,93.939826965332,93.6200714111328,93.1077728271484,..,94.1014862060547,95.1824417114258,96.6247792169561,96.8942906526928,99.3576818152788,100.256688986124,102.960840496657,106.223152022315,114.912590026855,112.553329467773,114.93183377296,112.260294588848,111.9366094795,110.377230542693
Fiji,FJI,Current health expenditure per capita (current US$),SH.XPD.CHEX.PC.CD,120.21074677,126.38617706,140.30192566,134.50354004,121.05646515,127.65603638,140.93704224,153.56562805,158.51806641,178.31169128,169.47518921,175.91635132,185.69645691,249.86022949,254.83047485,256.25967407,331.58413696,217.15068054,212.88697815,..
Fiji,FJI,"Labor force participation rate, total (% of total population ages 15+) (modeled ILO estimate)",SL.TLF.CACT.ZS,56.727,57.804,58.873,59.933,60.985,62.026,63.056,61.686,60.296,58.89,58.238,57.584,57.457,57.361,57.369,53.999,54.46,57.116,57.201,57.219
Fiji,FJI,Exports of goods and services (% of GDP),NE.EXP.GNFS.ZS,..,..,..,..,..,..,..,..,..,..,..,..,..,..,..,..,..,..,..,..
French Polynesia,PYF,GDP per capita (current US$),NY.GDP.PCAP.CD,21984.1936230719,22330.8676659055,24888.1781337361,26592.0262835732,24434.2197555208,22494.806706186,22831.5185348524,20846.5457478364,21955.6329264095,22258.6321384251,19166.9594761931,19690.0775734589,20826.9312492172,21925.616043938,21582.5892046801,19966.4838503859,21426.3854449835,20053.9569369322,21832.2831795569,22439.8838746025
French Polynesia,PYF,"Life expectancy at birth, total (years)",SP.DYN.LE00.IN,79.951,80.1,80.328,80.587,80.867,81.141,81.434,81.695,81.935,82.151,82.339,82.555,82.774,82.985,83.195,82.459,79.571,83.859,84.07,..
French Polynesia,PYF,"Birth rate, crude (per 1,000 people)",SP.DYN.CBRT.IN,17.925,18.184,17.391,18.028,17.662,17.823,16.92,16.532,15.713,15.799,15.001,13.999,13.146,12.812,11.938,11.782,11.424,11.156,10.907,..
French Polynesia,PYF,Population growth (annual %),SP.POP.GROW,1.49587093988006,1.42179044575073,1.21399894849188,0.725858946942358,0.409772633029491,0.406991623911333,0.423008262968887,0.498155436017889,0.600207711920296,0.602054021803628,0.53369255935478,0.471058812613167,0.325069797127642,-0.0971598677616479,-0.279503231980126,0.0626967129843171,0.208586464560115,0.209222276724143,0.263581727538977,0.244792945440769
French Polynesia,PYF,"Fertility rate, total (births per woman)",SP.DYN.TFRT.IN,2.181,2.217,2.122,2.195,2.148,2.165,2.061,2.026,1.937,1.957,1.872,1.763,1.669,1.645,1.567,1.57,1.532,1.515,1.501,..
French Polynesia,PYF,Urban population (% of total population),SP.URB.TOTL.IN.ZS,56.8472850820701,57.5825834325129,58.4102481922721,59.2616375081129,60.0681095268001,60.7610223950988,61.2717342597741,61.5286539604592,61.6130486661995,61.6824807401268,61.7374742154907,61.7744381369651,61.7896941062846,61.7888025236875,61.7824142427508,61.7673100921,61.7399813226008,61.6913806937112,61.6967135028569,61.7191984724331
French Polynesia,PYF,"School enrollment, secondary (% gross)",SE.SEC.ENRR,..,..,..,..,..,..,..,..,..,..,..,..,..,..,..,..,..,..,..,..
French Polynesia,PYF,"School enrollment, primary (% gross)",SE.PRM.ENRR,..,..,..,..,..,..,..,..,..,..,..,..,..,..,..,..,..,..,..,..
French Polynesia,PYF,Current health expenditure per capita (current US$),SH.XPD.CHEX.PC.CD,..,..,..,..,..,..,..,..,..,..,..,..,..,..,..,..,..,..,..,..
French Polynesia,PYF,"Labor force participation rate, total (% of total population ages 15+) (modeled ILO estimate)",SL.TLF.CACT.ZS,56.726,56.407,56.076,56.075,56.106,56.156,56.212,56.264,56.16,56.045,55.957,55.876,55.822,55.614,55.402,54.459,54.253,53.961,53.353,52.799
French Polynesia,PYF,Exports of goods and services (% of GDP),NE.EXP.GNFS.ZS,20.4602519635541,20.2542589811382,20.3798093159795,18.9325946508845,16.712434787085,16.3781286675659,18.2322072872423,19.2775482028539,18.5160924863597,19.704885459438,19.613765074754,19.6126341083126,19.556958430367,20.9791687502218,20.5923590296429,9.49972847640143,13.443127139243,21.8171217385989,24.0679217423403,18.3213723539379
Guam,GUM,GDP per capita (current US$),NY.GDP.PCAP.CD,25631.9776108052,25709.9351488422,26605.4324214756,28112.2316573422,29054.0581201519,29719.7967836082,29926.2052442913,31653.7506538168,32530.7593121483,33900.1486530583,35165.7014644795,35930.6594898711,36779.0078903909,37195.9503070464,39274.9431424899,36482.9363953675,38074.8793745801,41833.1517132825,..,..
Guam,GUM,"Life expectancy at birth, total (years)",SP.DYN.LE00.IN,76.427,76.477,76.397,76.233,76.141,76.095,76.153,76.237,76.361,76.423,76.444,76.449,76.463,76.561,76.645,75.529,75.434,77.102,77.209,..
Guam,GUM,"Birth rate, crude (per 1,000 people)",SP.DYN.CBRT.IN,19.442,20.461,20.961,20.771,20.497,20.939,20.152,21.7,19.939,20.228,19.936,21.377,20.622,19.818,19.256,18.613,18.296,18.008,17.662,..
Guam,GUM,Population growth (annual %),SP.POP.GROW,0.338234496297291,0.287967538398627,0.259310790976279,0.257433064578674,0.289273583143063,0.209801847347007,0.0126101511883972,-0.127375540693071,-0.219683082780057,-0.289634900711689,-0.351704858120325,-0.408339926567039,-0.453432485979039,-0.49728924043186,-0.536848682318792,0.216072141009173,0.964756108149453,0.881705873116992,0.799555642468131,0.760437189316384
Guam,GUM,"Fertility rate, total (births per woman)",SP.DYN.TFRT.IN,2.638,2.807,2.905,2.905,2.891,2.973,2.876,3.117,2.883,2.946,2.933,3.171,3.088,2.995,2.938,2.895,2.856,2.819,2.781,..
Guam,GUM,Urban population (% of total population),SP.URB.TOTL.IN.ZS,93.7899888326279,93.8894857603993,93.9710535665648,94.0314223884421,94.0673223633488,94.0765173267308,94.0771054436498,94.0777276704115,94.0782751403862,94.0787476782557,94.079145108702,94.079467256407,94.0797139460527,94.079885002321,94.0799802498939,94.0804991087801,94.0884327694075,94.1068261842046,94.1349341638921,94.1726346571831
Guam,GUM,"School enrollment, secondary (% gross)",SE.SEC.ENRR,..,..,..,..,..,..,..,..,..,..,..,..,..,..,..,..,..,..,..,..
Guam,GUM,"School enrollment, primary (% gross)",SE.PRM.ENRR,..,..,..,..,..,..,..,..,..,..,..,..,..,..,..,..,..,..,..,..
Guam,GUM,Current health expenditure per capita (current US$),SH.XPD.CHEX.PC.CD,..,..,..,..,..,..,..,..,..,..,..,..,..,..,..,..,..,..,..,..
Guam,GUM,"Labor force participation rate, total (% of total population ages 15+) (modeled ILO estimate)",SL.TLF.CACT.ZS,61.1,62.7,57.8,59.765,61.7,61.4,62.6,62.541,62.492,62.437,62.406,62.391,62.355,62.364,62.284,59.182,59.644,62.192,62.236,62.266
Guam,GUM,Exports of goods and services (% of GDP),NE.EXP.GNFS.ZS,22.6916686446713,23.7140160453044,22.8564930634524,20.8887934735938,17.3570836785418,17.0943624974742,18.6195826645265,19.0693257359924,19.5036117799593,18.8413547237077,18.0720813933437,18.9628876461617,18.9755529685681,19.2530160304082,22.2501966955153,6.40635564570656,3.09592556945781,7.88712011577424,..,..
"Hong Kong SAR, China",HKG,GDP per capita (current US$),NY.GDP.PCAP.CD,26649.637724155,28224.0951563146,30593.9511738646,31515.5292103443,30697.5383861641,32550.136489179,35142.4879344543,36730.796195815,38403.7777145477,40315.3739510191,42432.1619740441,43734.1980702999,46160.429791493,48537.5668888343,48359.0011950597,46109.2299946609,49770.5642374739,48825.8441873536,50562.3633144379,54074.6928519479
"Hong Kong SAR, China",HKG,"Life expectancy at birth, total (years)",SP.DYN.LE00.IN,81.6090243902439,82.3848780487805,82.3668292682927,82.3404878048781,82.7751219512195,82.9575609756098,83.4119512195122,83.450243902439,83.8312195121951,83.9356097560976,84.2526829268293,84.2114634146342,84.6956097560976,84.869756097561,85.1558536585366,85.4963414634146,85.5326829268293,83.6609756097561,85.2473170731707,..
"Hong Kong SAR, China",HKG,"Birth rate, crude (per 1,000 people)",SP.DYN.CBRT.IN,8.4,9.6,10.2,11.3,11.8,12.6,13.5,12.8,8,8.6,8.2,8.3,7.6,7.2,7,5.8,5,4.4,4.4,..
"Hong Kong SAR, China",HKG,Population growth (annual %),SP.POP.GROW,0.436871406105885,0.642270482876128,0.859633272217027,0.598238786949717,0.215353334344996,0.734446396338105,0.672543291818633,1.1039579972368,0.401982535858444,0.702370950536049,0.851197911086988,0.619366345332479,0.768513877614955,0.800230596967774,0.739283471323064,-0.358932661902885,-0.91177674914823,-0.907914524343304,2.55352466697343,-0.159360467186035
"Hong Kong SAR, China",HKG,"Fertility rate, total (births per woman)",SP.DYN.TFRT.IN,0.959,0.984,1.028,1.064,1.055,1.127,1.204,1.285,1.125,1.235,1.196,1.205,1.128,1.08,1.064,0.883,0.772,0.701,0.751,..
"Hong Kong SAR, China",HKG,Urban population (% of total population),SP.URB.TOTL.IN.ZS,100,100,100,100,100,100,100,100,100,100,100,100,100,100,100,100,100,100,100,100
"Hong Kong SAR, China",HKG,"School enrollment, secondary (% gross)",SE.SEC.ENRR,83.003662109375,83.1464614868164,84.0665588378906,85.7025909423828,86.5672225952148,87.9053960567278,86.9782026085403,108.257447754558,102.779391100703,105.555217060167,107.387782928825,107.750724637681,106.78970984146,108.16398016119,105.068965517241,100.449691991786,100.161026837806,106.185208398621,..,107.160326941213
"Hong Kong SAR, China",HKG,"School enrollment, primary (% gross)",SE.PRM.ENRR,100.73030090332,101.055946350098,100.729278564453,102.480163574219,104.338989257812,105.429219600726,104.602752580544,107.340572556762,106.884666666667,105.045690213869,105.131520708188,104.741013824885,104.80790960452,103.430995475113,102.202607278653,105.128762541806,106.033688453786,103.028312901343,..,103.152955896153
"Hong Kong SAR, China",HKG,Current health expenditure per capita (current US$),SH.XPD.CHEX.PC.CD,..,..,..,..,..,..,..,..,..,..,..,..,..,..,..,..,..,..,..,..
"Hong Kong SAR, China",HKG,"Labor force participation rate, total (% of total population ages 15+) (modeled ILO estimate)",SL.TLF.CACT.ZS,60.567,60.544,60.565,60.077,59.976,58.823,59.326,59.744,60.493,60.326,60.465,60.397,60.466,60.647,59.995,58.975,58.744,57.851,57.216,56.838
"Hong Kong SAR, China",HKG,Exports of goods and services (% of GDP),NE.EXP.GNFS.ZS,177.45291670355,185.185163012497,186.412407406061,193.415176806617,178.135055401704,205.322597352297,212.852416474103,215.849565476503,221.610060304774,213.090413516784,195.89760161449,187.005128888725,188.902399636639,188.339507002291,177.651315174364,176.304482446886,204.014263732608,194.486518007141,176.797005304001,181.791342240576
Indonesia,IDN,GDP per capita (current US$),NY.GDP.PCAP.CD,1238.21447629488,1558.31562847163,1823.21976255073,2124.55483920618,2218.48541852977,3065.68348377765,3579.46442466152,3632.27254030331,3566.60284506078,3441.06808464008,3288.22269725538,3521.46943457574,3798.88326174526,3860.95353090726,4106.94856160358,3853.70288774146,4287.17313995098,4730.83484836107,4876.30774512252,4925.43048751861
Indonesia,IDN,"Life expectancy at birth, total (years)",SP.DYN.LE00.IN,67.531,67.664,67.914,68.085,68.267,68.364,68.629,68.862,69.064,69.292,69.52,69.733,69.953,70.08,70.349,68.817,67.452,70.925,71.146,..
Indonesia,IDN,"Birth rate, crude (per 1,000 people)",SP.DYN.CBRT.IN,21.018,20.943,20.968,20.511,20.375,20.362,20.611,20.41,19.643,19.091,18.569,18.138,17.54,17.146,16.909,16.674,16.417,16.204,15.941,..
Indonesia,IDN,Population growth (annual %),SP.POP.GROW,1.28380661170743,1.32525502272966,1.32086532413059,1.29735043016571,1.26698625068088,1.26054140134601,1.27668830646548,1.28583816632167,1.24038001568984,1.17536091203837,1.12233981761262,1.0744882002252,1.02232939771064,0.969743409524713,0.935604959235128,0.849801187379341,0.704601321926319,0.746050469653246,0.842666137328498,0.813871513351669
Indonesia,IDN,"Fertility rate, total (births per woman)",SP.DYN.TFRT.IN,2.452,2.457,2.476,2.44,2.442,2.462,2.515,2.514,2.441,2.393,2.346,2.311,2.253,2.219,2.205,2.189,2.166,2.149,2.127,..
Indonesia,IDN,Urban population (% of total population),SP.URB.TOTL.IN.ZS,46.2373757571669,47.0017588692457,47.7432993585496,48.4644736032029,49.16775798133,49.8521375148888,50.4830017089844,51.1593933105469,51.8307495117188,52.5002136230469,53.1720771789551,53.812557220459,54.4541015625,55.0956840515137,55.7382049560547,56.2785287648768,56.8761702464027,57.4934704226599,58.1179353397878,58.7509635387997
Indonesia,IDN,"School enrollment, secondary (% gross)",SE.SEC.ENRR,61.6382789611816,64.6422119140625,71.8545074462891,70.1684417724609,74.5035934448242,75.6519088745117,78.1330718994141,80.0926818847656,81.8896974781343,83.5559949258569,87.8423207929976,87.8191791728036,90.9455391241064,92.8120739600443,94.9467044891028,96.9345779132931,97.8441479813619,97.8167602714893,96.0002120295081,98.836444459078
Indonesia,IDN,"School enrollment, primary (% gross)",SE.PRM.ENRR,109.01708984375,107.672538757324,110.421722412109,109.333679199219,110.992286682129,113.010775075983,114.684137554242,115.201069565404,111.656675108204,109.659608599994,107.983525766989,105.922391949136,104.382521256166,103.299542869882,101.264685825869,100.951933675872,100.309665446849,98.7008730463611,98.1566275726904,100.036318150714
Indonesia,IDN,Current health expenditure per capita (current US$),SH.XPD.CHEX.PC.CD,34.09753036,44.3965683,55.99677658,59.24273682,62.4021759,85.55950165,107.00540161,105.85425568,102.33824921,102.00482178,96.15701294,106.40021515,110.32610321,110.71585846,118.22380829,131.8225708,158.89761353,127.44384766,131.77729797,..
Indonesia,IDN,"Labor force participation rate, total (% of total population ages 15+) (modeled ILO estimate)",SL.TLF.CACT.ZS,64.399,64.208,66.227,66.373,66.047,66.583,66.913,67.416,66.757,66.624,66.578,66.314,66.694,67.652,68.238,67.401,65.868,67.018,67.899,67.927
Indonesia,IDN,Exports of goods and services (% of GDP),NE.EXP.GNFS.ZS,34.0672676279992,31.0347163143166,29.4357184851264,29.8082841673732,24.1591196686279,24.2990309366408,26.3273530888836,24.5943787881769,23.9235763793605,23.6659845969367,21.1601792598059,19.0889938536664,20.1773044351106,21.0027464972455,18.5915277970883,17.3311682848923,21.4165556390653,24.5029116862832,21.7538472039177,22.18331286866
Japan,JPN,GDP per capita (current US$),NY.GDP.PCAP.CD,37812.8950199948,35991.546002862,35779.0245416427,39876.3039685725,41308.9968370512,44968.1562349739,48760.0789494211,49145.2804308193,40898.6478964744,38475.3952461838,34960.6393843385,39375.4731620781,38834.0529341227,39751.1330982711,40415.9567649547,40028.7341726762,40094.5599795288,34065.6438962526,33836.1756271617,32487.0778047567
Japan,JPN,"Life expectancy at birth, total (years)",SP.DYN.LE00.IN,81.9551219512195,82.3219512195122,82.5070731707317,82.5875609756098,82.9314634146342,82.8426829268293,82.5912195121951,83.0960975609756,83.3319512195122,83.5878048780488,83.7939024390244,83.9848780487805,84.099756097561,84.2109756097561,84.3563414634146,84.56,84.4456097560976,83.9963414634146,84.0412195121951,..
Japan,JPN,"Birth rate, crude (per 1,000 people)",SP.DYN.CBRT.IN,8.4,8.7,8.6,8.7,8.5,8.5,8.3,8.2,8.2,8,8,7.8,7.6,7.4,7,6.8,6.6,6.3,6,..
Japan,JPN,Population growth (annual %),SP.POP.GROW,0.00939209655766336,0.0633735894181335,0.114908847726211,0.0484253945978966,-0.0124946312294096,0.0179605415195644,-0.185226486410846,-0.159710675844347,-0.144271883387076,-0.132694222147042,-0.106124993746747,-0.0511374152133631,-0.081874296046114,-0.126880068088791,-0.140464977878172,-0.294194617750067,-0.459952415807642,-0.443851919148528,-0.487370782049143,-0.435651699326323
Japan,JPN,"Fertility rate, total (births per woman)",SP.DYN.TFRT.IN,1.26,1.32,1.34,1.37,1.37,1.39,1.39,1.41,1.43,1.42,1.45,1.44,1.43,1.42,1.36,1.33,1.3,1.26,1.2,..
Japan,JPN,Urban population (% of total population),SP.URB.TOTL.IN.ZS,85.9573620483714,87.1460898958075,88.2701404492656,89.2921563808851,90.1131158718189,90.6228586840649,90.8631654434251,91.0265277326652,91.1516595654317,91.2548945132333,91.3532644103625,91.4541254852142,91.5498419685883,91.6377318609728,91.7164207898107,91.7809926267889,91.8741049279527,91.9776532428406,92.0826903891473,92.1901718034531
Japan,JPN,"School enrollment, secondary (% gross)",SE.SEC.ENRR,..,..,..,..,..,..,..,..,101.781173706055,101.813980102539,102.200416564941,101.167999267578,101.882888793945,102.425148010254,102.670066833496,102.844802856445,102.155380249023,102.337966918945,102.344436645508,..
Japan,JPN,"School enrollment, primary (% gross)",SE.PRM.ENRR,..,..,..,..,..,..,..,..,102.255889892578,102.415283203125,102.41911315918,102.216911315918,102.254829406738,102.099906921387,102.652282714844,102.736831665039,102.218322753906,102.158706665039,102.496421813965,..
Japan,JPN,Current health expenditure per capita (current US$),SH.XPD.CHEX.PC.CD,2892.60473633,2763.53344727,2781.49365234,3223.29101563,3696.58422852,4071.80200195,5103.34326172,5232.36279297,4356.15527344,4121.21142578,3754.18115234,4194.22802734,4135.24316406,4265.77929688,4431.29980469,4581.60986328,4843.94433594,4201.79248047,3638.19287109,..
Japan,JPN,"Labor force participation rate, total (% of total population ages 15+) (modeled ILO estimate)",SL.TLF.CACT.ZS,60.418,60.423,60.395,60.155,59.864,59.579,59.249,59.012,59.245,59.443,59.499,59.986,60.444,61.446,62.008,61.947,62.053,62.502,62.9,63.3
Japan,JPN,Exports of goods and services (% of GDP),NE.EXP.GNFS.ZS,13.8158957221159,15.6573740466117,17.2891273707229,17.2355433764071,12.41956574798,14.9185034496428,14.7744622613499,14.4147746129824,15.7841567318773,17.4186553484795,17.4367598376529,16.0579692360598,17.5914391047836,18.3149455985223,17.4635264275221,15.5331828643222,18.1091919388618,21.5464241239166,21.8515912402593,22.7689998646748
Kiribati,KIR,GDP per capita (current US$),NY.GDP.PCAP.CD,1161.78341739977,1123.19258990684,1352.57814048911,1410.62246914058,1316.62753853678,1522.10068744154,1771.12926848792,1843.55336349889,1772.08718317132,1736.70535682101,1639.85274740652,1742.66799324117,1853.05122713319,1912.73809378187,1750.9977188915,1751.78249168214,2222.04819501897,2069.7671726925,2177.70125812262,2288.63471423684
Kiribati,KIR,"Life expectancy at birth, total (years)",SP.DYN.LE00.IN,65.517,65.601,65.677,65.746,65.808,65.859,65.896,65.908,65.898,65.869,65.831,65.799,65.787,65.807,65.866,65.205,64.148,66.269,66.473,..
Kiribati,KIR,"Birth rate, crude (per 1,000 people)",SP.DYN.CBRT.IN,29.181,29.738,30.347,30.831,31.084,31.247,31.427,30.798,30.046,29.313,28.858,28.508,28.275,28.112,27.826,27.355,26.909,26.403,25.813,..
Kiribati,KIR,Population growth (annual %),SP.POP.GROW,2.00913413829946,2.00156137723437,2.02990862877029,2.08839816441385,2.1311838506713,2.07935139998903,1.77163616343889,1.46864224692138,1.37450090282755,1.29865154429976,1.28285862528713,1.41358025249878,1.50534982546091,1.49285448135933,1.4934933399344,1.74230469268591,1.79039347594032,1.61644031663411,1.56733842415292,1.48889841912877
Kiribati,KIR,"Fertility rate, total (births per woman)",SP.DYN.TFRT.IN,3.76,3.815,3.865,3.899,3.905,3.898,3.878,3.768,3.643,3.521,3.438,3.375,3.339,3.318,3.29,3.254,3.219,3.182,3.147,..
Kiribati,KIR,Urban population (% of total population),SP.URB.TOTL.IN.ZS,43.5443274444527,43.7349826427011,44.6212141757087,45.9461325515373,47.3510238975116,48.4603839564718,49.1228169536795,49.5800786695548,49.9687043258795,50.3909308922385,50.9541970402064,51.7710553002321,52.9734697275451,54.5004023142497,56.2846727145489,58.4123714112748,59.6364645301985,60.5739126559419,61.5244676194408,62.4620431275642
Kiribati,KIR,"School enrollment, secondary (% gross)",SE.SEC.ENRR,85.8441390991211,84.0447463989258,83.7022018432617,82.9311904907227,..,..,..,..,..,..,..,..,..,..,..,..,87.142166928373,88.6853008111105,94.7441990494828,90.2786712646484
Kiribati,KIR,"School enrollment, primary (% gross)",SE.PRM.ENRR,109.628982543945,107.576568603516,104.204116821289,105.912109375,102.407890319824,..,..,..,..,109.117865085248,105.430103966625,108.727858293076,103.304250974568,..,..,105.717202654416,103.688433251616,102.156527494347,97.3655383941286,95.2685003274394
Kiribati,KIR,Current health expenditure per capita (current US$),SH.XPD.CHEX.PC.CD,131.88641357,126.86061859,148.0586853,190.33927917,167.97206116,133.15927124,141.5138092,146.6194458,154.34346008,155.38656616,118.3345871,157.72897339,179.57881165,208.73831177,177.93025208,239.24353027,263.09573364,217.68276978,238.12675476,..
Kiribati,KIR,"Labor force participation rate, total (% of total population ages 15+) (modeled ILO estimate)",SL.TLF.CACT.ZS,..,..,..,..,..,..,..,..,..,..,..,..,..,..,..,..,..,..,..,..
Kiribati,KIR,Exports of goods and services (% of GDP),NE.EXP.GNFS.ZS,14.1424002467431,10.2017715096442,15.4500534320184,14.112261178299,14.13655487209,11.5662838339229,13.1677892148858,12.7658673497178,10.9650785452345,12.0327586295851,13.9574518328745,16.6172864509399,13.2563228230304,9.05069608775785,14.9824049433267,10.4199806231949,3.77022059528533,7.60477631122431,5.92015763569494,..
"Korea, Dem. People's Rep.",PRK,GDP per capita (current US$),NY.GDP.PCAP.CD,..,..,..,..,..,..,..,..,..,..,..,..,..,..,..,..,..,..,..,..
"Korea, Dem. People's Rep.",PRK,"Life expectancy at birth, total (years)",SP.DYN.LE00.IN,69.168,69.061,69.021,69.303,69.702,70.246,70.772,71.317,71.867,72.451,72.825,72.971,73.034,73.02,72.928,72.783,73.437,73.641,73.642,..
"Korea, Dem. People's Rep.",PRK,"Birth rate, crude (per 1,000 people)",SP.DYN.CBRT.IN,13.903,14.021,13.856,13.923,13.403,13.294,13.273,13.316,13.357,13.411,13.423,13.458,13.474,13.427,13.405,13.391,13.267,13.149,12.947,..
"Korea, Dem. People's Rep.",PRK,Population growth (annual %),SP.POP.GROW,0.581650142448516,0.523597022459874,0.495725212967157,0.478578548402947,0.458128289665172,0.436879111426513,0.44171264179715,0.452614172409074,0.465850679497933,0.479753931920185,0.486366779009783,0.479685660941037,0.463479822191171,0.438418123483477,0.409804313568107,0.378273559953142,0.36747843663433,0.366471008261931,0.338821174570736,0.304699893187806
"Korea, Dem. People's Rep.",PRK,"Fertility rate, total (births per woman)",SP.DYN.TFRT.IN,1.872,1.936,1.943,1.97,1.905,1.89,1.883,1.882,1.877,1.874,1.863,1.856,1.848,1.834,1.825,1.821,1.806,1.797,1.78,..
"Korea, Dem. People's Rep.",PRK,Urban population (% of total population),SP.URB.TOTL.IN.ZS,59.7506437119853,59.8339025655097,59.926906023448,60.0310692203612,60.1544414620403,60.307007469148,60.4836230684404,60.6781140779735,60.8843063158034,61.0940947540873,61.3247571174501,61.5681351428803,61.8206076091402,62.0826119807623,62.3542226611578,62.6355140538495,62.926560562457,63.2274365906829,63.5382165423021,63.8589748211522
"Korea, Dem. People's Rep.",PRK,"School enrollment, secondary (% gross)",SE.SEC.ENRR,..,..,..,..,..,..,..,..,..,..,94.2515411376953,..,..,..,..,..,..,..,..,..
"Korea, Dem. People's Rep.",PRK,"School enrollment, primary (% gross)",SE.PRM.ENRR,..,..,..,..,101.156799316406,..,..,..,..,..,..,..,..,92.0648422241211,..,..,..,..,..,..
"Korea, Dem. People's Rep.",PRK,Current health expenditure per capita (current US$),SH.XPD.CHEX.PC.CD,..,..,..,..,..,..,..,..,..,..,..,..,..,..,..,..,..,..,..,..
"Korea, Dem. People's Rep.",PRK,"Labor force participation rate, total (% of total population ages 15+) (modeled ILO estimate)",SL.TLF.CACT.ZS,82.04,82.069,82.099,82.053,82.078,82.094,82.088,82.072,82.061,82.051,82.081,82.02,82.094,82.179,82.18,80.618,80.711,82.149,82.162,82.162
"Korea, Dem. People's Rep.",PRK,Exports of goods and services (% of GDP),NE.EXP.GNFS.ZS,..,..,..,..,..,..,..,..,..,..,..,..,..,..,..,..,..,..,..,..
"Korea, Rep.",KOR,GDP per capita (current US$),NY.GDP.PCAP.CD,20167.0474902506,22609.7059431449,25078.4853957105,22252.3125108061,19937.3029137734,24071.2620526362,26175.2398553363,26600.5477433903,28449.3591104972,30667.0912467447,30171.7906545222,30832.0628072516,33296.9845439195,35363.9508228687,33826.9443301597,33645.7719545073,37518.4635305697,34822.4048404971,35674.095995632,36238.639908315
"Korea, Rep.",KOR,"Life expectancy at birth, total (years)",SP.DYN.LE00.IN,78.1682926829268,78.6682926829268,79.119512195122,79.5170731707317,79.9682926829268,80.1170731707317,80.5682926829269,80.819512195122,81.2707317073171,81.7219512195122,82.0243902439024,82.2756097560976,82.6268292682927,82.6268292682927,83.2268292682927,83.4268292682927,83.5268292682927,82.6804878048781,83.4292682926829,..
"Korea, Rep.",KOR,"Birth rate, crude (per 1,000 people)",SP.DYN.CBRT.IN,9,9.2,10.1,9.4,9,9.4,9.4,9.6,8.6,8.6,8.6,7.9,7,6.4,5.9,5.3,5.1,4.9,4.5,..
"Korea, Rep.",KOR,Population growth (annual %),SP.POP.GROW,0.211997784117548,0.525199940498775,0.505234032920336,0.759316681850927,0.514682827535803,0.49822508440111,0.768971758582589,0.525713660600414,0.455218622164662,0.628149861433639,0.527288497407793,0.396851823381145,0.280968018301691,0.433519027613049,0.347874968577526,0.137869266247028,-0.128757315474928,-0.187486566698935,0.077477253324535,0.0743178674548815
"Korea, Rep.",KOR,"Fertility rate, total (births per woman)",SP.DYN.TFRT.IN,1.085,1.132,1.259,1.192,1.149,1.226,1.244,1.297,1.187,1.205,1.239,1.172,1.052,0.977,0.918,0.837,0.808,0.778,0.721,..
"Korea, Rep.",KOR,Urban population (% of total population),SP.URB.TOTL.IN.ZS,81.3901352283669,81.566462110512,81.712125801927,81.8350833138518,81.9245045084002,81.9685075986486,81.9615408086376,81.9087898200378,81.8269383502703,81.7315682816954,81.639489860678,81.5559241797057,81.471030429984,81.3823523035196,81.2901063535619,81.1759595622913,81.1616526507785,81.1624941626873,81.1645551720421,81.1682528469686
"Korea, Rep.",KOR,"School enrollment, secondary (% gross)",SE.SEC.ENRR,97.2146224975586,96.7785415649414,96.7113800048828,96.3489303588867,96.8854293823242,97.2930603027344,97.5294189453125,97.3674163818359,97.8287506103516,98.5806732177734,98.5931930541992,98.7179565429688,99.105583190918,99.3186569213867,98.3813018798828,97.0888214111328,98.0692291259766,97.8181304931641,96.2983932495117,..
"Korea, Rep.",KOR,"School enrollment, primary (% gross)",SE.PRM.ENRR,100.344917297363,100.363288879395,100.793983459473,101.344970703125,101.050827026367,100.80436706543,100.998878479004,101.147590637207,100.268768310547,99.4568099975586,100.062088012695,99.7160110473633,98.6247100830078,98.6656723022461,99.6388168334961,99.217903137207,98.6079330444336,99.0050201416016,100.301467895508,..
"Korea, Rep.",KOR,Current health expenditure per capita (current US$),SH.XPD.CHEX.PC.CD,944.55078125,1130.53796387,1256.36437988,1186.375,1150.97253418,1417.10913086,1570.54943848,1603.93432617,1738.80847168,1922.98803711,1950.89575195,2042.72949219,2258.15307617,2523.04003906,2602.4831543,2699.6640625,3125.82714844,3078.55151367,3043.87329102,3136.78564453
"Korea, Rep.",KOR,"Labor force participation rate, total (% of total population ages 15+) (modeled ILO estimate)",SL.TLF.CACT.ZS,61.558,61.463,61.317,60.813,60.224,60.334,60.636,60.928,61.4,62.277,62.58,62.626,62.91,62.757,62.994,62.274,62.55,63.794,64.266,64.465
"Korea, Rep.",KOR,Exports of goods and services (% of GDP),NE.EXP.GNFS.ZS,34.1271966602876,34.4457182771661,36.0414909532161,45.8471508377288,43.5106195264818,45.2718606886955,51.2813207677942,52.0235312085188,49.2338591040691,45.7876203673052,40.9681314540182,38.1129875583911,38.8488899920532,39.4523497931837,37.0413266370488,34.6152001987888,39.3388192669479,45.294860984133,41.3214807367697,44.3582383593234
Lao PDR,LAO,GDP per capita (current US$),NY.GDP.PCAP.CD,466.061506997741,579.391947440719,697.323013673925,885.747376088762,935.03237283283,1125.91610151261,1361.54704394913,1563.5650771337,1812.51774424651,1981.03910900473,2121.01339097363,2303.22156035363,2432.43059478511,2545.1075420815,2589.32081035237,2583.77730696131,2526.05105018529,2046.40440255621,2066.94979776957,2123.97909415109
Lao PDR,LAO,"Life expectancy at birth, total (years)",SP.DYN.LE00.IN,60.688,61.074,61.694,62.248,63.023,63.69,64.505,65.126,65.723,66.35,66.688,67.014,67.345,67.594,67.911,68.339,67.807,68.715,68.964,..
Lao PDR,LAO,"Birth rate, crude (per 1,000 people)",SP.DYN.CBRT.IN,28.788,28.365,28.124,27.882,27.569,27.195,26.777,26.174,25.623,25.049,24.962,24.567,24.117,23.599,23.151,22.618,22.147,21.693,21.271,..
Lao PDR,LAO,Population growth (annual %),SP.POP.GROW,1.50884118892528,1.58338798520366,1.54812352499039,1.5195940495706,1.49588633029834,1.47192872108695,1.44814949802327,1.42735442034268,1.40755477426746,1.37876842701215,1.45836474920589,1.56317561333482,1.57029722559747,1.55377801997365,1.52576304616693,1.49338675171473,1.44141640887407,1.40971670105791,1.39237667233214,1.35832703035837
Lao PDR,LAO,"Fertility rate, total (births per woman)",SP.DYN.TFRT.IN,3.685,3.559,3.438,3.331,3.229,3.137,3.049,2.953,2.872,2.802,2.796,2.744,2.691,2.633,2.589,2.535,2.494,2.455,2.421,..
Lao PDR,LAO,Urban population (% of total population),SP.URB.TOTL.IN.ZS,27.3224977292697,28.0378756242097,28.7343050001346,29.4034348148069,30.0420311503825,30.6468600890172,31.2146877128668,31.7422801040872,32.2264033448341,32.6638235172635,33.1240204432199,33.8267455533474,34.5115346444216,35.2050070032013,35.9072880879451,36.6185033569111,37.338778268357,38.0682382805397,38.8070088517156,39.5552154401406
Lao PDR,LAO,"School enrollment, secondary (% gross)",SE.SEC.ENRR,42.9863014221191,42.2330513000488,43.0343399047852,44.126880645752,45.6930198669434,47.3594398498535,46.3030907447649,49.0350189208984,52.6759359354755,58.0247383117676,62.2967936554274,64.7630026961054,66.0411073482017,66.1528570578416,64.986385458831,62.4493058083911,59.8530595325837,56.8782044614964,54.4330611689851,51.8523602531839
Lao PDR,LAO,"School enrollment, primary (% gross)",SE.PRM.ENRR,110.026527404785,110.817306518555,112.471809387207,114.984016418457,117.407089233398,119.705680847168,119.074599302583,118.414315740965,118.408152699995,117.425464096562,114.302879123065,110.502812681423,107.444972491228,104.275413158198,101.978544594664,100.27766790602,99.1101994809825,95.6988495024876,95.0382534939216,93.8514019047136
Lao PDR,LAO,Current health expenditure per capita (current US$),SH.XPD.CHEX.PC.CD,17.33082581,19.22654533,24.56666374,26.74945259,35.71521378,34.52460861,27.11878395,32.46548843,43.49770355,45.53330612,52.04236603,54.3762207,61.42248535,57.1708374,67.57865143,51.96581268,68.61697388,41.34779739,27.41773605,..
Lao PDR,LAO,"Labor force participation rate, total (% of total population ages 15+) (modeled ILO estimate)",SL.TLF.CACT.ZS,61.326,61.189,61.07,60.945,60.825,60.682,60.547,60.411,60.272,60.14,60.016,59.898,59.782,60.989,62.207,62.912,64.618,66.001,65.99,65.989
Lao PDR,LAO,Exports of goods and services (% of GDP),NE.EXP.GNFS.ZS,28.9637357220067,38.1550775230179,33.6143130828635,33.1540804750868,30.0830696746432,35.384026037956,40.3431560976816,37.8767283501759,38.1731033983004,40.7545466511497,33.9522573081909,33.209427456122,..,..,..,..,..,..,..,..
"Macao SAR, China",MAC,GDP per capita (current US$),NY.GDP.PCAP.CD,25681.2167315221,29813.7877167933,35400.2334659409,38888.5118044503,40354.2810293673,52596.2250160214,67046.7284292101,76058.0224963659,87107.8313063626,88355.3181764446,69902.9605741233,68911.6755919628,77570.9876166977,83588.2875009014,81882.6964523869,36883.6652578543,44884.8961602393,36806.891255461,67216.3631112124,72004.7437020733
"Macao SAR, China",MAC,"Life expectancy at birth, total (years)",SP.DYN.LE00.IN,81.3414634146341,81.7292682926829,81.7292682926829,82.0268292682927,82.1756097560976,82.2731707317073,82.4707317073171,82.4707317073171,82.7219512195122,83.0219512195122,83.2243902439024,83.2756097560976,83.5268292682927,83.6780487804878,83.9292682926829,84.1292682926829,83.7292682926829,83.0804878048781,83.1804878048781,..
"Macao SAR, China",MAC,"Birth rate, crude (per 1,000 people)",SP.DYN.CBRT.IN,7.8,8.1,8.7,8.7,8.9,9.5,10.6,12.9,11.1,11.8,11,11,10.1,9,8.9,8.1,7.4,6.4,5.5,..
"Macao SAR, China",MAC,Population growth (annual %),SP.POP.GROW,4.05140517951681,5.22537622408586,4.31524098841543,3.73065116368133,-1.05978494919527,0.373134761285818,2.31926463992749,3.27546059752472,4.13923548132925,4.91199595786127,3.3531529872349,1.48219480492074,-0.630334933532746,1.60639880582531,1.96865626033754,1.9744268917359,-0.424008238139362,-0.764822083825685,0.221222713921319,1.20077588622782
"Macao SAR, China",MAC,"Fertility rate, total (births per woman)",SP.DYN.TFRT.IN,0.912,0.954,1.008,0.979,1.004,1.07,1.15,1.357,1.15,1.224,1.142,1.138,1.021,0.915,0.899,0.841,0.756,0.68,0.586,..
"Macao SAR, China",MAC,Urban population (% of total population),SP.URB.TOTL.IN.ZS,100,100,100,100,100,100,100,100,100,100,100,100,100,100,100,100,100,100,100,100
"Macao SAR, China",MAC,"School enrollment, secondary (% gross)",SE.SEC.ENRR,92.0361480712891,92.9831237792969,94.0301895141602,89.8171920776367,89.3067169189453,91.1610379698531,94.9301234316026,97.4283454689247,98.6075581395349,101.75873015873,100.96644295302,99.4636678200692,97.4219858156028,92.7108013937282,90.6689895470383,88.5771812080537,88.5480769230769,90.2211838006231,92.5810397553517,94.6616766467066
"Macao SAR, China",MAC,"School enrollment, primary (% gross)",SE.PRM.ENRR,102.854553222656,100.32633972168,101.569869995117,102.432548522949,101.260093688965,101.166413677399,102.676451543276,99.3245614035088,99.6905829596413,100.713656387665,99.8024691358025,101.287356321839,105.325925925926,101.238255033557,96.2426035502959,92.7896174863388,89.070351758794,84.9676674364896,86.4246575342466,89.8103044496487
"Macao SAR, China",MAC,Current health expenditure per capita (current US$),SH.XPD.CHEX.PC.CD,..,..,..,..,..,..,..,..,..,..,..,..,..,..,..,..,..,..,..,..
"Macao SAR, China",MAC,"Labor force participation rate, total (% of total population ages 15+) (modeled ILO estimate)",SL.TLF.CACT.ZS,63.911,65.85,68.597,69.757,69.968,69.986,70.867,70.739,70.859,71.403,70.806,70.062,69.862,70.082,69.789,68.672,68.924,66.648,67.971,68.278
"Macao SAR, China",MAC,Exports of goods and services (% of GDP),NE.EXP.GNFS.ZS,84.3863881332444,78.5453812156553,78.8825827872669,79.6944953421213,78.5122145065757,87.4238991929775,90.339874501628,90.7733498691718,90.6246130914087,85.6066390571117,78.704970614381,76.8087077221785,80.6469912109472,82.8517062374608,82.646781315937,61.6649501891426,91.8949115359993,84.7916044961703,92.4170435765852,92.1896066002616
Malaysia,MYS,GDP per capita (current US$),NY.GDP.PCAP.CD,5555.58179951206,6158.40785533236,7168.93031942508,8371.82156086005,7191.43287234626,8899.34505544675,10217.1068585031,10600.5744240026,10713.6407638899,11013.3107334403,9648.6797937523,9476.53409809923,9862.54806612235,10901.8019954421,10920.191763972,9957.52626697613,10903.1037480772,11754.5678336248,11386.0395636528,11874.4273684245
Malaysia,MYS,"Life expectancy at birth, total (years)",SP.DYN.LE00.IN,74.37,74.697,74.961,75.151,75.269,75.376,75.488,75.552,75.464,75.345,75.288,75.371,75.542,75.734,75.9,76.057,73.917,75.444,76.657,..
Malaysia,MYS,"Birth rate, crude (per 1,000 people)",SP.DYN.CBRT.IN,17.94,17.395,17.091,17.356,17.29,16.906,17.186,17.002,16.761,16.724,16.336,15.789,15.329,14.808,14.233,13.393,12.385,12.394,12.412,..
Malaysia,MYS,Population growth (annual %),SP.POP.GROW,2.26772984873607,2.22705351047756,2.17350461828888,2.09531674831339,1.99206021194285,1.87040612656176,1.75128008243176,1.70269513202166,1.70946282045073,1.7147407282165,1.73319445645586,1.76731054757933,1.76466064017847,1.70174731907235,1.59646653343981,1.33363323143911,1.15251304394292,1.1977720012836,1.23402869169549,1.22058891015438
Malaysia,MYS,"Fertility rate, total (births per woman)",SP.DYN.TFRT.IN,2.391,2.308,2.252,2.262,2.223,2.144,2.153,2.117,2.07,2.058,2.008,1.942,1.893,1.838,1.777,1.68,1.555,1.55,1.55,..
Malaysia,MYS,Urban population (% of total population),SP.URB.TOTL.IN.ZS,67.0159820173565,67.9191992840997,68.7649673902807,69.5438130147565,70.2462628363839,70.8625314831025,71.4245166681964,71.9680127926087,72.4882717118078,72.9802206910773,73.4387869957006,73.8588978909614,74.2354806421432,74.5634625145296,74.8377707734042,75.0511895575672,75.5088628191907,75.9741357073003,76.4434752105739,76.9170296648992
Malaysia,MYS,"School enrollment, secondary (% gross)",SE.SEC.ENRR,76.2537536621094,75.8026123046875,74.2519378662109,74.8359527587891,75.0242767333984,77.2140274047852,77.5925369262695,81.2371978759766,80.938362121582,83.2836303710938,81.5115814208984,79.8283920288086,78.8863677978516,74.4872817993164,75.3229827880859,73.2459411621094,74.9618181140898,78.8341986282999,79.4472788704033,80.2757406864183
Malaysia,MYS,"School enrollment, primary (% gross)",SE.PRM.ENRR,97.1333618164062,97.8367385864258,98.3626403808594,98.6990509033203,98.7940902709961,98.8697814941406,98.855643801119,98.7042528833624,98.9066848845224,97.15563448844,95.6311535513474,96.2219697129545,96.2574604579347,95.7761544783431,94.3275054202176,93.1800129351047,92.5769881927004,89.7872630978958,91.5021106685076,90.3595586965317
Malaysia,MYS,Current health expenditure per capita (current US$),SH.XPD.CHEX.PC.CD,162.17677307,200.54800415,230.5599823,263.67819214,245.64353943,285.64263916,343.45877075,371.76046753,381.69210815,414.4392395,368.77331543,350.71160889,366.36639404,409.84710693,419.32568359,406.52005005,476.94366455,458.21963501,450.33853149,..
Malaysia,MYS,"Labor force participation rate, total (% of total population ages 15+) (modeled ILO estimate)",SL.TLF.CACT.ZS,60.267,60.455,60.685,60.958,61.267,61.602,61.937,62.952,63.964,64.962,65.185,65.09,65.202,65.574,65.871,65.473,65.619,66.223,66.178,66.107
Malaysia,MYS,Exports of goods and services (% of GDP),NE.EXP.GNFS.ZS,112.898976779781,112.18548084399,106.168274866985,99.4995772447266,91.4167918670926,86.9302950693543,85.2554421085998,79.2999139255312,75.6290410302627,73.7934986257765,69.4486908970754,66.7754454542508,70.011742508597,68.554971419686,65.2777668428576,61.5779359054349,70.6330555493337,76.8077974825844,68.6789535653168,71.3410849829908
Marshall Islands,MHL,GDP per capita (current US$),NY.GDP.PCAP.CD,2658.65217893885,2754.26988767503,2892.28403958874,2817.60522775322,2906.63026970914,3095.45768964722,3319.39815439151,3514.26515490383,3677.90690791421,3735.23977829545,3764.34426229508,4229.80988911945,4592.83457628576,4858.12079054875,5292.33985502306,5661.96787336674,6315.31279603534,6455.66062185762,6793.24495895856,7726.33668877794
Marshall Islands,MHL,"Life expectancy at birth, total (years)",SP.DYN.LE00.IN,64.112,64.207,64.259,64.3,64.395,64.498,64.641,64.776,64.954,65.11,65.292,65.477,65.673,65.87,66.047,65.387,65.421,66.725,66.945,..
Marshall Islands,MHL,"Birth rate, crude (per 1,000 people)",SP.DYN.CBRT.IN,37.188,36.551,35.59,34.331,32.793,30.935,29.216,27.707,26.395,25.695,25.164,24.72,24.391,24.066,23.736,23.439,23.176,21.989,21.137,..
Marshall Islands,MHL,Population growth (annual %),SP.POP.GROW,0.221800143004125,0.165547016575545,0.0826708497774886,-0.00960937876105589,-0.0211438842102896,0.0480478181120274,-0.263585880501686,-0.944590187330327,-1.44566670550716,-1.76164273882982,-2.0204346660438,-2.26102535172131,-2.50442852271303,-2.70999222878463,-2.86271396531764,-3.00092865880133,-3.18559640580083,-3.16808578519291,-3.16867227675357,-3.34957664335036
Marshall Islands,MHL,"Fertility rate, total (births per woman)",SP.DYN.TFRT.IN,4.276,4.197,4.09,3.967,3.83,3.673,3.527,3.382,3.247,3.18,3.131,3.091,3.064,3.038,3.012,2.989,2.964,2.936,2.919,..
Marshall Islands,MHL,Urban population (% of total population),SP.URB.TOTL.IN.ZS,70.6234401061174,71.2077527286922,71.7941991662501,72.3673018695269,72.9115832892586,73.4115658761809,73.8553711172585,74.2705132518924,74.6790601806083,75.0790555372177,75.4702568207363,75.8524215301796,76.2253071645634,76.5886712229035,76.9422712042154,77.285864607515,77.6163157431143,77.9855966195187,78.3593928884282,78.7325660244112
Marshall Islands,MHL,"School enrollment, secondary (% gross)",SE.SEC.ENRR,73.762451171875,79.1771087646484,82.46044921875,84.7516632080078,83.8652801513672,..,..,..,..,..,83.1655973995361,84.9683293351352,..,..,92.6458957328589,92.9692493302926,94.7273907236998,83.1106717816097,89.5519894011742,85.7558642960298
Marshall Islands,MHL,"School enrollment, primary (% gross)",SE.PRM.ENRR,105.958961486816,105.283256530762,101.758949279785,102.192817687988,102.752967834473,..,105.389074289953,..,..,..,106.642495754433,104.845524148404,..,..,109.175972668005,108.448888114364,111.781011494743,108.975506359207,107.109965783596,101.801288405129
Marshall Islands,MHL,Current health expenditure per capita (current US$),SH.XPD.CHEX.PC.CD,490.59927368,613.29852295,485.01657104,536.23034668,543.67626953,548.59899902,376.39205933,410.4979248,445.42425537,449.90563965,557.35211182,619.35668945,553.06298828,702.8359375,793.66851807,687.02435303,782.16351318,859.050354,894.21533203,..
Marshall Islands,MHL,"Labor force participation rate, total (% of total population ages 15+) (modeled ILO estimate)",SL.TLF.CACT.ZS,..,..,..,..,..,..,..,..,..,..,..,..,..,..,..,..,..,..,..,..
Marshall Islands,MHL,Exports of goods and services (% of GDP),NE.EXP.GNFS.ZS,32.7365217391304,25.1569134078212,26.0987375415282,29.3780354706685,27.8561507936508,36.0926753569212,51.2517701683111,54.7745987825124,51.1454399141631,49.6209139784946,44.2421883505716,36.4933102081269,39.112915301825,39.7257727272727,37.0618720480893,35.4884615384615,45.9784359407295,39.9778416749901,38.5738269806851,42.0641891803046
"Micronesia, Fed. Sts.",FSM,GDP per capita (current US$),NY.GDP.PCAP.CD,2207.16844533875,2244.97227274486,2293.51341684075,2369.50811741318,2544.11114550961,2702.61165204772,2848.70077003105,2992.28916099077,2893.13437410825,2896.73082002714,2853.07643587028,2979.60119184048,3279.10779039285,3566.58690371125,3572.65918282222,3362.02802120524,3508.22314197664,3710.12451611752,3919.64307910859,4166.00476748564
"Micronesia, Fed. Sts.",FSM,"Life expectancy at birth, total (years)",SP.DYN.LE00.IN,64.906,64.859,64.844,64.849,64.865,64.892,64.969,65.08,65.179,65.294,65.306,65.576,65.761,65.943,66.196,65.878,66.152,66.961,67.198,..
"Micronesia, Fed. Sts.",FSM,"Birth rate, crude (per 1,000 people)",SP.DYN.CBRT.IN,28.391,27.762,27.095,26.413,25.821,25.211,24.742,24.37,24.03,23.781,23.573,23.352,23.169,23.056,22.891,22.693,22.686,22.509,22.299,..
"Micronesia, Fed. Sts.",FSM,Population growth (annual %),SP.POP.GROW,-0.459396250703375,-0.614926692700671,-0.769691346591573,-0.862830740479894,-0.902755412822123,-0.387012831252087,0.146814250624888,0.178117567546797,0.213878078483849,0.254021760761961,0.294778945170204,0.329674160226437,0.371529920950747,0.390173246703998,0.338797095962346,0.573243642479669,0.636292251926478,0.438013018270765,0.459189928699194,0.469463637376133
"Micronesia, Fed. Sts.",FSM,"Fertility rate, total (births per woman)",SP.DYN.TFRT.IN,3.595,3.514,3.439,3.368,3.313,3.271,3.223,3.18,3.133,3.091,3.049,3.001,2.957,2.922,2.883,2.852,2.818,2.785,2.748,..
"Micronesia, Fed. Sts.",FSM,Urban population (% of total population),SP.URB.TOTL.IN.ZS,22.3299999237061,22.3275140420008,22.3208324539882,22.3111192453232,22.2995385016606,22.2903529875138,22.2914664135472,22.2942568788425,22.2986323961146,22.3046193122479,22.3122336099411,22.3214896137555,22.332401189542,22.3449820355433,22.359245777081,22.3752060036598,22.3928762855411,22.4122701819053,22.4334012451903,22.4562830235421
"Micronesia, Fed. Sts.",FSM,"School enrollment, secondary (% gross)",SE.SEC.ENRR,87.2520217895508,..,..,..,..,..,..,..,..,..,..,..,..,..,..,..,..,..,..,..
"Micronesia, Fed. Sts.",FSM,"School enrollment, primary (% gross)",SE.PRM.ENRR,110.222869873047,..,109.700736999512,..,..,..,..,..,95.0318576353091,97.3142040069009,93.5670535707402,94.0772018432617,94.2192600897319,96.2881950207594,94.3598499009745,87.4240454357085,87.3990953957602,87.1063321877434,82.1547657350301,82.1598198983817
"Micronesia, Fed. Sts.",FSM,Current health expenditure per capita (current US$),SH.XPD.CHEX.PC.CD,397.91644287,245.42320251,258.64785767,289.50195313,325.56570435,361.96511841,378.15283203,372.10220337,354.82269287,345.01589966,362.27624512,399.77108765,409.11758423,428.00738525,425.28103638,403.03540039,399.43988037,468.53509521,507.7762146,..
"Micronesia, Fed. Sts.",FSM,"Labor force participation rate, total (% of total population ages 15+) (modeled ILO estimate)",SL.TLF.CACT.ZS,..,..,..,..,..,..,..,..,..,..,..,..,..,..,..,..,..,..,..,..
"Micronesia, Fed. Sts.",FSM,Exports of goods and services (% of GDP),NE.EXP.GNFS.ZS,17.0797630458921,18.5048458817228,23.0148451799687,23.6319854034368,22.2097130212212,24.0848731335525,25.0978346571859,30.3557748623781,30.6896951131082,32.4846936456458,27.7262783827311,28.3076923076923,30.6406685236769,36.4795918367347,26.6497461928934,17.1626539577214,20.1735486983082,21.1560380414413,27.6349844405977,26.9395923419752
Mongolia,MNG,GDP per capita (current US$),NY.GDP.PCAP.CD,994.90010913241,1329.89179579053,1627.68787743359,2127.42678594737,1703.32756790019,2625.21881402433,3736.04201455077,4328.89001905655,4340.14310544449,4126.23975800524,3838.92126989984,3619.90026383792,3645.96708669551,4107.64288528468,4347.54610314873,4001.25193077703,4517.61578018785,4993.51487463495,5838.63108083902,6750.6301157724
Mongolia,MNG,"Life expectancy at birth, total (years)",SP.DYN.LE00.IN,65.2807317073171,65.9021951219512,66.5934146341464,67.2460975609756,67.9690243902439,68.5056097560976,69.109268292683,69.500243902439,70.0980487804878,70.5831707317073,70.810243902439,70.2239024390244,70.5434146341463,70.8270731707317,71.0531707317073,71.3490243902439,71.6451219512195,71.9007317073171,72.1224390243902,..
Mongolia,MNG,"Birth rate, crude (per 1,000 people)",SP.DYN.CBRT.IN,18.566,19.96,21.889,23.899,24.816,23.1,25.1,26,27.5,28,27.1,25.9,23.9,24.5,24.4,23.4,21.6,19.5,19,..
Mongolia,MNG,Population growth (annual %),SP.POP.GROW,1.10986290557005,1.20548331364776,1.34193846720281,1.57679522082476,1.79649232006396,1.74992683110286,1.7265777901103,1.89795214519602,2.06694708057063,2.18707605433318,2.12866951701474,2.02736957640078,1.92577883760149,1.86480192831175,1.8371507310985,1.80542008661223,1.684959051396,1.46704738017187,1.3708886685104,1.24590299529718
Mongolia,MNG,"Fertility rate, total (births per woman)",SP.DYN.TFRT.IN,2,2.1,2.3,2.6,2.8,2.4,2.6,2.7,3,3.1,3,3,2.8,2.9,3,2.9,2.8,2.7,2.7,..
Mongolia,MNG,Urban population (% of total population),SP.URB.TOTL.IN.ZS,62.3122627023789,63.8388366340039,65.2590695004873,66.4693095486742,67.3659050254095,67.8298018313254,67.9196058798676,67.9522782537785,67.9776750055915,67.9941357229626,67.9999999906095,67.9776754820979,67.9260583223672,67.8683444833372,67.8277299551557,68.0894771770775,69.2153244018555,69.783805847168,70.4464492797852,70.9566040039062
Mongolia,MNG,"School enrollment, secondary (% gross)",SE.SEC.ENRR,92.1028823852539,92.3052825927734,..,..,98.5075302124023,91.1776885986328,..,..,..,..,..,..,..,91.2949725153641,88.7463471502002,95.3826370696027,98.3276220923038,93.5508272676123,96.8181201904352,..
Mongolia,MNG,"School enrollment, primary (% gross)",SE.PRM.ENRR,96.1072006225586,98.0709686279297,96.4715576171875,98.8945388793945,109.426750183105,121.840103149414,120.545547485352,115.839420097405,107.682179792169,99.8473218349628,97.8139824176106,97.2863818674059,94.4515595966861,95.085682296023,94.1334790567196,92.3464601580662,92.024228960725,93.3473848373298,93.0654411114222,92.3400789423552
Mongolia,MNG,Current health expenditure per capita (current US$),SH.XPD.CHEX.PC.CD,38.04277039,49.52784348,66.17643738,97.26833344,76.7000351,99.50933838,135.98664856,169.6519928,180.41543579,176.69651794,165.19296265,168.41404724,160.4889679,188.64115906,197.57131958,188.77464294,330.03753662,448.24212646,359.60980225,..
Mongolia,MNG,"Labor force participation rate, total (% of total population ages 15+) (modeled ILO estimate)",SL.TLF.CACT.ZS,59.261,59.188,59.133,58.454,58.679,58.808,59.805,59.654,59.497,59.643,59.674,58.397,59.138,59.746,65.598,63.432,61.199,62.614,60.833,60.312
Mongolia,MNG,Exports of goods and services (% of GDP),NE.EXP.GNFS.ZS,58.7693837934602,59.443265077556,59.6144484321482,54.0170359170312,50.2779993278591,46.6789825837072,52.5535550456296,43.572151194252,38.8902374819196,52.2489986942277,44.1840502346828,50.872194055814,59.1666792670253,58.1647822769264,59.2172331806539,57.6603497340995,58.5488639540916,65.0613511558615,76.2571171270924,68.7165627140568
Myanmar,MMR,GDP per capita (current US$),NY.GDP.PCAP.CD,252.685193060728,303.495087119254,419.375780725042,658.442487229705,758.442935789255,1010.53417343401,1213.62898703376,1202.6658960055,1199.09561597055,1293.00042319714,1166.73305547935,1229.19713491328,1272.82241815234,1298.21310327675,1425.98954241668,1490.21683599469,1242.7213439951,1158.05005055976,1233.19666209269,1359.05001560107
Myanmar,MMR,"Life expectancy at birth, total (years)",SP.DYN.LE00.IN,61.72,62.026,62.367,56.364,63.095,63.479,63.859,64.251,64.617,64.994,65.288,65.64,65.909,66.232,66.457,66.612,65.553,66.506,66.889,..
Myanmar,MMR,"Birth rate, crude (per 1,000 people)",SP.DYN.CBRT.IN,20.966,20.599,20.373,19.993,19.681,19.365,19.086,18.819,18.684,18.551,18.608,18.561,18.341,18.054,17.774,17.456,17.201,16.912,16.696,..
Myanmar,MMR,Population growth (annual %),SP.POP.GROW,0.78215232398828,0.728331835978341,0.708807824555326,0.550688224031359,0.555720175554536,0.745099607969388,0.803379211413432,0.841507088171189,0.849578652965248,0.830118073348831,0.800670952631538,0.792792538685626,0.772302033467657,0.72443284342539,0.702425162747352,0.711376906349628,0.696558038955431,0.690074759264932,0.698879396261223,0.674364862610485
Myanmar,MMR,"Fertility rate, total (births per woman)",SP.DYN.TFRT.IN,2.515,2.471,2.447,2.404,2.369,2.335,2.306,2.276,2.264,2.252,2.266,2.27,2.252,2.228,2.206,2.179,2.158,2.131,2.115,..
Myanmar,MMR,Urban population (% of total population),SP.URB.TOTL.IN.ZS,28.390792243762,28.5517581878355,28.7079107938945,28.8586544957208,29.0033937270962,29.1415329218024,29.2724765136213,29.3956289363345,29.5103946237239,29.6164342116462,29.7166821191682,29.8129165582094,29.9051727703437,29.993574050729,30.0782436945232,30.1593049968842,30.2368812529698,30.311095757938,30.3820718069466,30.4499084074136
Myanmar,MMR,"School enrollment, secondary (% gross)",SE.SEC.ENRR,45.6932487487793,47.5437698364258,47.3708114624023,49.9790115356445,49.9621315002441,50.8663902282715,..,..,..,57.1178512573242,..,67.7588500976562,72.3457412719727,77.0191497802734,..,..,..,..,..,..
Myanmar,MMR,"School enrollment, primary (% gross)",SE.PRM.ENRR,104.437133789062,105.169502258301,106.169532775879,108.062278747559,108.319793701172,109.490142822266,..,..,..,115.448463439941,..,119.916152954102,121.799392700195,120.214569091797,..,..,..,..,..,..
Myanmar,MMR,Current health expenditure per capita (current US$),SH.XPD.CHEX.PC.CD,7.65254498,8.47415161,9.91384029,14.70817947,18.70313454,20.23270416,27.40522575,37.25568008,37.68575287,54.28113556,63.62335968,59.67910385,59.51782608,60.83261871,53.72147369,66.02284241,96.86240387,57.96875763,56.18909836,..
Myanmar,MMR,"Labor force participation rate, total (% of total population ages 15+) (modeled ILO estimate)",SL.TLF.CACT.ZS,66.343,66.123,65.916,65.734,65.543,65.37,65.274,65.144,64.991,64.84,64.711,63.378,62.023,62.361,60.502,60.151,55.191,55.218,55.192,55.129
Myanmar,MMR,Exports of goods and services (% of GDP),NE.EXP.GNFS.ZS,..,..,..,..,..,..,..,..,..,..,..,..,..,..,..,..,..,..,..,..
Nauru,NRU,GDP per capita (current US$),NY.GDP.PCAP.CD,2992.40382776926,2910.14145794684,2272.15291307045,3756.84531228766,4410.56764668962,4735.92000502092,6444.03642094634,9842.77032731856,8974.51886874433,9230.05440328927,7747.25584993607,8748.15632605428,9656.97976571484,11413.7463016389,10801.7705659635,10709.068810538,14979.099896799,12911.9086441381,12752.4723855838,13609.158837552
Nauru,NRU,"Life expectancy at birth, total (years)",SP.DYN.LE00.IN,59.361,59.409,59.49,59.675,59.852,60.074,60.287,60.533,60.701,60.834,60.897,60.996,61.101,61.238,61.393,61.527,61.331,61.93,62.109,..
Nauru,NRU,"Birth rate, crude (per 1,000 people)",SP.DYN.CBRT.IN,28.451,29.076,30.408,32.27,34.272,36.097,36.803,36.144,35.342,34.687,34.223,33.578,32.241,30.66,29.581,28.662,27.787,26.613,25.505,..
Nauru,NRU,Population growth (annual %),SP.POP.GROW,-0.109403760477152,-0.149380100476041,-0.139623040534244,-0.109840741983694,0.0699126120860941,0.269206005345923,0.546151002552194,1.65974838801037,2.40581272210636,2.11682959453762,1.95433948782621,1.77348115445981,1.54848693435255,1.34206654488781,0.953874731639391,0.482136103995375,0.565263581170869,0.782649677702407,0.625107627709329,0.604485091438176
Nauru,NRU,"Fertility rate, total (births per woman)",SP.DYN.TFRT.IN,3.377,3.4,3.504,3.665,3.847,4.019,4.117,4.115,4.098,4.085,4.075,4.027,3.879,3.683,3.531,3.466,3.425,3.379,3.331,..
Nauru,NRU,Urban population (% of total population),SP.URB.TOTL.IN.ZS,100,100,100,100,100,100,100,100,100,100,100,100,100,100,100,100,100,100,100,100
Nauru,NRU,"School enrollment, secondary (% gross)",SE.SEC.ENRR,42.5531883239746,57.9658584594727,50.5131988525391,61.9589996337891,..,..,..,83.1134567260742,..,83.9183731079102,..,78.6677169799805,..,..,86.1130981445312,80.2433776855469,..,92.7814636230469,90.1002502441406,91.5133521769495
Nauru,NRU,"School enrollment, primary (% gross)",SE.PRM.ENRR,121.36637878418,96.9380722045898,88.7212600708008,92.8888931274414,..,..,..,98.7878799438477,..,109.659492492676,99.080157695014,112.507781982422,..,..,104.79955291748,102.257713317871,..,101.39037322998,109.898342073993,99.5668650325592
Nauru,NRU,Current health expenditure per capita (current US$),SH.XPD.CHEX.PC.CD,328.92779541,363.46365356,586.8157959,809.65649414,575.39526367,626.21124268,672.27624512,873.81658936,808.10583496,736.00012207,973.30883789,978.48120117,1127.47509766,1220.0769043,1213.86804199,1270.52563477,1636.45788574,2264.07055664,2292.37329102,..
Nauru,NRU,"Labor force participation rate, total (% of total population ages 15+) (modeled ILO estimate)",SL.TLF.CACT.ZS,..,..,..,..,..,..,..,..,..,..,..,..,..,..,..,..,..,..,..,..
Nauru,NRU,Exports of goods and services (% of GDP),NE.EXP.GNFS.ZS,..,..,..,90.4761904761905,83.3333333333333,51.8518518518518,62.1212121212121,68.3673469387755,101.086956521739,99.0740740740741,71.5686274509804,72.3880597014925,60,54.7115976331361,60.3950285714286,43.5836021505376,30.818,53.8104761904762,43.4666666666667,55.3225806451613
New Caledonia,NCL,GDP per capita (current US$),NY.GDP.PCAP.CD,25528.2918353444,28193.2537573387,35177.6535261448,35723.9033194947,33836.494080472,35798.9084757829,38835.9401851385,35559.5672006157,36671.1566752621,37816.9558599295,30858.7237060533,30782.8544433514,32354.7102832901,34902.8968780031,33411.3358835672,33270.330597637,35311.5543551452,33516.363085906,33701.8923322781,29213.1923192946
New Caledonia,NCL,"Life expectancy at birth, total (years)",SP.DYN.LE00.IN,74.867,75.016,75.181,75.398,75.676,75.992,76.315,76.615,76.867,77.053,77.206,77.359,77.504,77.557,77.262,77.049,77.113,77.698,78.766,..
New Caledonia,NCL,"Birth rate, crude (per 1,000 people)",SP.DYN.CBRT.IN,18.105,18.028,17.636,17.345,17.013,16.774,16.834,16.788,16.442,16.031,15.735,15.672,15.327,15.228,15.183,14.903,14.747,14.498,14.262,..
New Caledonia,NCL,Population growth (annual %),SP.POP.GROW,1.45458459025355,1.28719801022213,1.27562580041589,1.22883322130144,1.34033215268725,1.66994351621015,1.8787771558269,1.89163090783472,1.89228098410746,1.57768044469833,0.688885628400534,0.0900120253294113,0.0433886162840042,-0.00176339785610822,0.0229217470195887,0.200781353226217,0.364601116942216,0.66709196832953,0.952185123510063,0.95072208560765
New Caledonia,NCL,"Fertility rate, total (births per woman)",SP.DYN.TFRT.IN,2.227,2.241,2.215,2.204,2.194,2.187,2.2,2.202,2.167,2.118,2.079,2.078,2.043,2.041,2.05,2.022,2.012,1.998,1.98,..
New Caledonia,NCL,Urban population (% of total population),SP.URB.TOTL.IN.ZS,63.918391040144,64.7508025811084,65.6204802173329,66.3257509774158,66.6631859586932,66.703836218007,66.726209122213,66.7417059914448,66.7584127864925,66.7846387072769,66.8278045547803,66.8902054658406,66.9683393293094,67.0588809757675,67.1574673707832,67.2747261065933,67.4130776539646,67.5720305021282,67.751522311337,67.9514695585577
New Caledonia,NCL,"School enrollment, secondary (% gross)",SE.SEC.ENRR,..,..,..,..,..,..,..,..,..,..,..,..,..,..,..,..,..,..,..,..
New Caledonia,NCL,"School enrollment, primary (% gross)",SE.PRM.ENRR,..,..,..,..,..,..,..,..,..,..,..,..,..,..,..,..,..,..,..,..
New Caledonia,NCL,Current health expenditure per capita (current US$),SH.XPD.CHEX.PC.CD,..,..,..,..,..,..,..,..,..,..,..,..,..,..,..,..,..,..,..,..
New Caledonia,NCL,"Labor force participation rate, total (% of total population ages 15+) (modeled ILO estimate)",SL.TLF.CACT.ZS,64.704,64.631,64.588,64.467,64.342,64.327,64.271,64.171,64.064,63.898,62.693,61.452,60.205,58.939,57.647,57.677,57.367,57.592,57.247,56.883
New Caledonia,NCL,Exports of goods and services (% of GDP),NE.EXP.GNFS.ZS,21.4671958558995,23.8931284444354,27.3847247877213,18.5542331555049,15.4006566270318,20.1994749161539,20.0908245767248,17.758536514681,15.7230973660898,18.5861810873195,18.0691662889356,19.2654863869492,21.0077980936617,20.9894073,18.3293636025743,18.0451658941909,14.1546210230073,15.3819770261451,16.9373545992045,11.6947134971338
New Zealand,NZL,GDP per capita (current US$),NY.GDP.PCAP.CD,27751.0654708859,26654.5932018985,32479.9817381467,31324.7397977102,28276.7255416225,33761.9009639947,38431.7766788499,40053.6991536369,43000.4646849189,44618.266973847,38665.3723018158,40113.7195382428,42950.3841711138,43257.0769238879,42855.831861632,41997.7830324279,49950.4251691316,49099.7090423358,49075.9562832927,49205.1792146792
New Zealand,NZL,"Life expectancy at birth, total (years)",SP.DYN.LE00.IN,79.8512195121951,80.0487804878049,80.1512195121951,80.3512195121951,80.7024390243902,80.9048780487805,81.1560975609756,81.4073170731707,81.4048780487805,81.4568292682927,81.6124390243903,81.6585365853659,81.8585365853659,81.7073170731707,82.0560975609756,82.2560975609756,82.2073170731707,81.9585365853658,83.0048780487805,..
New Zealand,NZL,"Birth rate, crude (per 1,000 people)",SP.DYN.CBRT.IN,13.96,14.14,15.15,15.1,14.53,14.68,14,13.87,13.2,12.67,13.23,12.6,12.38,11.84,11.96,11.32,11.48,11.49,10.86,..
New Zealand,NZL,Population growth (annual %),SP.POP.GROW,1.12877350967992,1.21898486028427,0.932407687512324,0.848701402422591,0.999728031208421,1.1117260560215,0.762479795105218,0.548220797298334,0.768347998194806,1.66101200071152,2.0360339086492,2.24603210015584,2.08872272281936,1.79124016759035,1.41225538599445,2.03338779187545,0.240228529431089,-0.0570512394609476,2.3012774309073,1.66869187850147
New Zealand,NZL,"Fertility rate, total (births per woman)",SP.DYN.TFRT.IN,1.97,2.01,2.18,2.19,2.13,2.17,2.09,2.1,2.01,1.92,1.99,1.87,1.81,1.71,1.72,1.61,1.64,1.66,1.56,..
New Zealand,NZL,Urban population (% of total population),SP.URB.TOTL.IN.ZS,85.9299325780946,85.9356841665703,85.9291840664852,85.9144723093505,85.8918345477824,85.8614043258228,85.8233151875134,85.777700676896,85.7080129786455,85.5076659530411,85.1518763760531,84.691365594,84.1701025874108,83.8017846685577,83.804965871667,83.8138977095908,83.8299382585905,83.8547305017812,83.8898991461229,83.9370658833132
New Zealand,NZL,"School enrollment, secondary (% gross)",SE.SEC.ENRR,119.563697814941,117.906547546387,119.56844329834,118.054237365723,125.807861328125,119.128967285156,118.256721496582,116.826477050781,115.650527954102,116.084312438965,114.889991760254,113.687911987305,112.943313598633,112.411079406738,120.266319274902,116.893188476562,117.595428466797,114.774932861328,113.395988464355,..
New Zealand,NZL,"School enrollment, primary (% gross)",SE.PRM.ENRR,99.8288269042969,99.5968475341797,99.4614868164062,99.3267135620117,99.0637130737305,99.0315399169922,99.0727310180664,98.8831405639648,98.8762893676758,98.6514434814453,98.5381393432617,98.5837478637695,98.4804382324219,98.5529708862305,98.2542037963867,97.5365295410156,97.9169464111328,96.5572509765625,96.8670501708984,..
New Zealand,NZL,Current health expenditure per capita (current US$),SH.XPD.CHEX.PC.CD,2295.37182617,2304.06518555,2705.66430664,2708.65625,2582.28100586,3072.73608398,3501.22045898,3682.94213867,3833.82226563,3997.43237305,3433.59643555,3516.93481445,3702.09985352,3706.80273438,3679.59692383,3887.71264648,4749.04199219,5138.33789063,4997.24316406,5022.03271484
New Zealand,NZL,"Labor force participation rate, total (% of total population ages 15+) (modeled ILO estimate)",SL.TLF.CACT.ZS,67.194,67.742,68.01,67.968,67.746,67.541,67.902,67.641,67.406,68.309,68.399,69.546,70.48,70.506,70.174,69.863,70.396,70.929,71.503,70.553
New Zealand,NZL,Exports of goods and services (% of GDP),NE.EXP.GNFS.ZS,28.2851654320382,29.6086137531685,29.2731139479196,32.0052043552236,28.6654584101329,30.197296130602,30.3601069067379,28.8015197819443,28.7976232386808,27.9544041792052,27.9337478332662,26.6113743203496,27.5634416584186,27.8656152284463,27.3298341875002,21.6971482843436,22.3098859845046,24.0473873191656,23.7150117429638,24.805238610326
Northern Mariana Islands,MNP,GDP per capita (current US$),NY.GDP.PCAP.CD,17015.7487891715,16314.5578590027,15914.2193040498,16430.4461942257,14369.6339810212,14771.4037455399,13598.7166094613,14013.6003306158,14632.8518897608,15945.417608954,17665.1007493109,24225.474169342,31225.6049960968,26509.3628379893,24496.6652122421,18220.8382427201,19455.50139424,23785.754590043,..,..
Northern Mariana Islands,MNP,"Life expectancy at birth, total (years)",SP.DYN.LE00.IN,77.307,77.688,77.863,77.938,77.903,77.8,77.688,77.566,77.452,77.377,77.36,77.392,77.47,77.51,77.844,78.03,78.16,78.531,78.808,..
Northern Mariana Islands,MNP,"Birth rate, crude (per 1,000 people)",SP.DYN.CBRT.IN,22.96,24.494,24.231,22.747,20.624,20.67,21.409,21.778,22.776,21.455,19.791,18.374,17.324,16.559,16.029,15.487,14.824,13.807,12.918,..
Northern Mariana Islands,MNP,Population growth (annual %),SP.POP.GROW,-2.50860397803261,-2.71807103115674,-2.9110170154091,-3.08575533313163,-3.24545043037063,-2.25570725189976,-0.896950274724624,-0.700102071490281,-0.898187033104677,-1.10544695125402,-1.28073347255599,-1.44888981594755,-1.61620481831009,-1.78121757640998,-1.95055872430955,-1.25658949836081,-1.16183177026859,-1.93650806828242,-2.05003835843766,-1.93472893815204
Northern Mariana Islands,MNP,"Fertility rate, total (births per woman)",SP.DYN.TFRT.IN,2.256,2.613,2.786,2.815,2.736,2.982,3.208,3.328,3.535,3.372,3.134,2.923,2.762,2.643,2.559,2.494,2.441,2.388,2.348,..
Northern Mariana Islands,MNP,Urban population (% of total population),SP.URB.TOTL.IN.ZS,90.5796270580004,90.6534562341057,90.726220848958,90.7990126104496,90.8729232264729,90.9488180328106,91.0253367901352,91.1011927559234,91.1764941872129,91.2512344351276,91.3254068507915,91.3990047853283,91.4720215898621,91.5444506155168,91.6162852134162,91.6908367362908,91.7842137303802,91.8785788645608,91.9754112887573,92.0747260922394
Northern Mariana Islands,MNP,"School enrollment, secondary (% gross)",SE.SEC.ENRR,..,..,..,..,..,..,..,..,..,..,..,..,..,..,..,..,..,..,..,..
Northern Mariana Islands,MNP,"School enrollment, primary (% gross)",SE.PRM.ENRR,..,..,..,..,..,..,..,..,..,..,..,..,..,..,..,..,..,..,..,..
Northern Mariana Islands,MNP,Current health expenditure per capita (current US$),SH.XPD.CHEX.PC.CD,..,..,..,..,..,..,..,..,..,..,..,..,..,..,..,..,..,..,..,..
Northern Mariana Islands,MNP,"Labor force participation rate, total (% of total population ages 15+) (modeled ILO estimate)",SL.TLF.CACT.ZS,..,..,..,..,..,..,..,..,..,..,..,..,..,..,..,..,..,..,..,..
Northern Mariana Islands,MNP,Exports of goods and services (% of GDP),NE.EXP.GNFS.ZS,95.8529688972667,83.7373737373737,66.8443496801706,51.9701810436635,39.2452830188679,41.927409261577,43.4842249657064,50.8042895442359,52.0725388601036,52.5240384615385,52.967032967033,71.7073170731707,69.2948717948718,50.7302075326672,42.4936386768448,14.7806004618938,6.01750547045952,22.2627737226277,..,..
Palau,PLW,GDP per capita (current US$),NY.GDP.PCAP.CD,9635.28357539048,9881.65970716981,10402.5367528907,10577.501907762,10147.7741092815,10221.9163762354,10993.6038613491,12137.1732239921,12698.9240118945,13863.4544155068,16154.0532152373,17150.4759377239,16401.7847567871,16166.9671073752,15846.7968470167,14708.2119536914,13009.2481630213,13729.7602761496,15610.8231931032,..
Palau,PLW,"Life expectancy at birth, total (years)",SP.DYN.LE00.IN,66.219,66.633,67.113,67.562,67.99,68.347,68.638,68.863,68.981,69.062,69.07,69.046,69.019,68.989,68.982,68.689,68.563,68.922,69.269,..
Palau,PLW,"Birth rate, crude (per 1,000 people)",SP.DYN.CBRT.IN,13.94,13.81,13.741,13.676,13.649,13.65,13.8,13.99,14.024,13.362,12.582,12.741,12.437,12.004,11.921,11.624,11.377,11.115,10.897,..
Palau,PLW,Population growth (annual %),SP.POP.GROW,-0.00504553596313102,-1.14687139535809,-1.49636421036855,-1.52961662609278,-1.59078597207349,-1.68714418256042,-1.74375203014582,-1.74654999032287,-0.66077669618437,0.378927580628865,0.309990384912456,0.151826160128869,0.0842483691607325,0.0112277550221814,-0.0898573575007226,-0.0337173366498603,-0.0505973306648282,-0.135051508906549,-0.180352864081089,-0.180678723422048
Palau,PLW,"Fertility rate, total (births per woman)",SP.DYN.TFRT.IN,2.017,1.996,1.968,1.947,1.935,1.937,1.965,2.006,2.054,2.032,2.002,2.055,2.019,1.97,1.984,1.972,1.95,1.927,1.907,..
Palau,PLW,Urban population (% of total population),SP.URB.TOTL.IN.ZS,77.574268209537,78.306895759147,79.019601300651,79.6639213135968,80.2186712923386,80.6626667312304,80.9747231246263,81.1285663568435,81.0756895339142,80.7338640362566,80.388246269234,80.1089335766065,79.8284579022498,79.5520868568744,79.2803814152827,79.0796884006264,79.0890798782416,79.1134831712956,79.1531991438847,79.2095042878667
Palau,PLW,"School enrollment, secondary (% gross)",SE.SEC.ENRR,97.3436889648438,100.88996887207,101.115242004395,..,..,..,..,..,106.158729553223,108.378378378378,..,..,..,..,..,160.800003051758,102.280830383301,89.0526315789474,97.286012526096,..
Palau,PLW,"School enrollment, primary (% gross)",SE.PRM.ENRR,109.526702880859,107.807418823242,107.821228027344,..,..,..,..,..,116.396896362305,112.723518371582,..,..,..,..,..,105.470909118652,108.989547729492,92.0141342756184,100.718907260963,..
Palau,PLW,Current health expenditure per capita (current US$),SH.XPD.CHEX.PC.CD,810.10369873,852.00756836,897.35339355,880.83892822,947.12615967,1093.30786133,1072.56323242,1239.99304199,1399.29931641,1481.35656738,1554.91186523,1704.62316895,1775.32849121,1809.22070313,1928.91564941,1938.33837891,1931.31152344,2077.734375,1683.8458252,..
Palau,PLW,"Labor force participation rate, total (% of total population ages 15+) (modeled ILO estimate)",SL.TLF.CACT.ZS,..,..,..,..,..,..,..,..,..,..,..,..,..,..,..,..,..,..,..,..
Palau,PLW,Exports of goods and services (% of GDP),NE.EXP.GNFS.ZS,42.811975998143,45.4311631763972,42.5958309160953,46.2343939425561,41.7377131817399,45.4399647179443,51.3863842613849,55.6582179979036,54.9789059441984,55.2720841391192,52.9240027509219,47.9042268803067,45.288565646014,42.8091697369859,38.3107844693462,23.0812177573225,6.71427175725076,15.6686150460648,26.2814362699381,..
Papua New Guinea,PNG,GDP per capita (current US$),NY.GDP.PCAP.CD,744.486489977433,1238.18282926706,1370.753415829,1624.79319935188,1568.83193368607,1866.86889851208,2288.37591141234,2635.0873631547,2560.77458976327,2723.17529825196,2484.5963398603,2316.39479758492,2477.76530986323,2566.36833735041,2575.77274140393,2429.61134585269,2607.57861874444,3102.28968594061,2966.06830432055,3006.70564478923
Papua New Guinea,PNG,"Life expectancy at birth, total (years)",SP.DYN.LE00.IN,61.868,62.018,62.211,62.511,62.772,63.056,63.382,63.639,63.927,64.198,64.473,64.7,64.923,65.114,65.331,65.075,64.358,65.274,66.134,..
Papua New Guinea,PNG,"Birth rate, crude (per 1,000 people)",SP.DYN.CBRT.IN,32.813,32.362,31.921,31.549,31.074,30.734,30.304,29.802,29.354,28.899,28.375,27.865,27.361,26.956,26.466,26.092,25.582,25.16,24.576,..
Papua New Guinea,PNG,Population growth (annual %),SP.POP.GROW,3.23201129836566,3.18938474785493,3.1455292294859,3.10574391860633,3.06322204516619,3.01998467654888,2.9153928127454,2.7860490568137,2.70166347823205,2.62396103229344,2.54613840522555,2.46804330802257,2.3925157995011,2.32386877655607,2.25754045467385,2.12866309675902,1.98860312209741,1.88244961375761,1.81103162496893,1.78260733820852
Papua New Guinea,PNG,"Fertility rate, total (births per woman)",SP.DYN.TFRT.IN,4.22,4.148,4.076,4.015,3.941,3.883,3.816,3.746,3.684,3.625,3.558,3.495,3.432,3.382,3.322,3.274,3.215,3.165,3.099,..
Papua New Guinea,PNG,Urban population (% of total population),SP.URB.TOTL.IN.ZS,13.0708971726612,13.04994211169,13.0324481284965,13.0185611592166,13.008427139986,13.0021920069407,13.0000025015364,13.0143796071362,13.0582475733094,13.1316404025265,13.2341359836319,13.3653651942392,13.5249644881888,13.7125720532162,13.9278267446947,14.1703677185729,14.4398342822353,14.7358658260841,15.0581017891206,15.4061816403333
Papua New Guinea,PNG,"School enrollment, secondary (% gross)",SE.SEC.ENRR,..,..,..,..,..,..,..,37.0596555013801,..,..,..,..,..,44.5501121213216,46.2668456486691,44.5528199220061,45.848952374731,..,52.0929750873194,..
Papua New Guinea,PNG,"School enrollment, primary (% gross)",SE.PRM.ENRR,57.029369354248,55.561408996582,..,59.4429588317871,..,..,..,100.860790212899,..,101.784196531861,..,104.505056068347,..,110.133799712778,105.318008718042,102.053543720153,101.941113862706,111.086149294969,121.090488343548,..
Papua New Guinea,PNG,Current health expenditure per capita (current US$),SH.XPD.CHEX.PC.CD,27.49723434,30.03865242,33.18586731,34.69308472,36.5436821,39.3453064,52.49456787,70.27664948,76.75310516,89.08061218,45.18995285,53.98646545,55.24723816,59.04003525,59.89566803,55.92817688,61.02529907,81.11356354,85.15021515,..
Papua New Guinea,PNG,"Labor force participation rate, total (% of total population ages 15+) (modeled ILO estimate)",SL.TLF.CACT.ZS,48.621,48.578,48.486,48.557,48.483,48.343,48.739,49.059,49.394,49.529,49.798,50.088,50.418,50.833,51.138,51.004,51.672,51.989,51.962,51.96
Papua New Guinea,PNG,Exports of goods and services (% of GDP),NE.EXP.GNFS.ZS,..,..,..,..,..,..,..,..,..,..,..,..,..,..,..,..,..,..,..,..
Philippines,PHL,GDP per capita (current US$),NY.GDP.PCAP.CD,1220.46018559867,1426.14649179546,1712.65543282793,1959.29233534978,1864.45043406471,2162.91375885614,2383.91892522087,2614.61644401308,2781.27957677397,2866.83803761407,2909.85818010301,2985.19564024046,3038.12124959289,3168.51036609727,3400.78949767074,3227.57910235199,3484.38593882819,3548.06930572116,3804.08274131097,3984.8315387656
Philippines,PHL,"Life expectancy at birth, total (years)",SP.DYN.LE00.IN,68.423,68.172,68.549,68.643,68.631,68.883,69.096,69.237,69.283,69.311,69.45,69.49,69.966,69.761,69.68,70.097,66.675,69.472,69.833,..
Philippines,PHL,"Birth rate, crude (per 1,000 people)",SP.DYN.CBRT.IN,27.154,27.419,27,27.12,26.987,26.564,26.007,25.22,24.56,23.404,22.933,21.76,20.571,19.418,18.104,17.017,16.108,16.057,16.019,..
Philippines,PHL,Population growth (annual %),SP.POP.GROW,1.85941217176991,1.68208380821541,1.73463407300361,1.76733466433421,1.801550616238,2.04795425200975,1.96473852483036,1.94226237851608,1.87971579705684,1.64283283802775,1.47875384302116,1.34190709540685,1.28830186666283,1.23686033319068,1.21615534645287,1.1455140860985,0.905660310915421,0.760479216015364,0.810000998681961,0.825602488528657
Philippines,PHL,"Fertility rate, total (births per woman)",SP.DYN.TFRT.IN,3.448,3.466,3.403,3.401,3.376,3.315,3.236,3.143,3.042,2.894,2.829,2.679,2.525,2.378,2.215,2.075,1.95,1.929,1.916,..
Philippines,PHL,Urban population (% of total population),SP.URB.TOTL.IN.ZS,41.3297701258519,41.8308558715226,42.3470499959497,43.1547492407016,44.3356772609527,45.5208176726647,46.6833632464759,47.9182784810426,49.1313688766206,50.2392400212368,51.1549047745227,51.9114748151175,52.6010482354344,53.2088897464754,53.7157859948017,54.1077719895977,54.4504102510776,54.7902343568327,55.1242716168851,55.4520983215477
Philippines,PHL,"School enrollment, secondary (% gross)",SE.SEC.ENRR,78.3063812255859,76.9573211669922,77.0709991455078,78.008903503418,80.1762771606445,..,..,..,..,81.5640314318642,82.0085254812081,82.7837574272484,80.9227600097656,79.3622469757001,85.3821865979599,87.9419879481158,85.8666475631511,92.291271176651,91.5493424610693,85.2945085684493
Philippines,PHL,"School enrollment, primary (% gross)",SE.PRM.ENRR,101.720321655273,100.087287902832,100.310913085938,101.465858459473,102.759162902832,..,..,..,..,104.629987793486,103.408354699272,101.721937186986,99.3666730080757,94.5541345217085,93.0076871274695,93.2822386485839,88.8345145801337,90.6131438325611,92.4462107015215,94.0330906383194
Philippines,PHL,Current health expenditure per capita (current US$),SH.XPD.CHEX.PC.CD,45.67607498,53.87452698,64.27903748,75.69056702,77.64539337,89.35166931,95.95716095,109.2149353,118.87432098,106.16293335,113.4342804,118.05981445,120.32259369,125.27716827,141.6925354,166.61218262,208.192276,182.93432617,194.05484009,..
Philippines,PHL,"Labor force participation rate, total (% of total population ages 15+) (modeled ILO estimate)",SL.TLF.CACT.ZS,61.589,61.418,61.259,61.065,61.435,61.434,62.23,61.733,61.446,62.171,61.405,61.59,59.141,58.981,59.444,54.746,56.471,61.439,61.42,61.402
Philippines,PHL,Exports of goods and services (% of GDP),NE.EXP.GNFS.ZS,41.2300392158954,41.2454593705084,38.0141863378076,33.3568332437392,30.2195255995892,32.8748297195678,29.1054288781405,27.4670738577233,26.1774198090007,27.3545041909285,27.2080572390451,26.6730033435157,29.5522908546692,30.2136053733275,28.3829200126393,25.2028393102032,25.7520349160187,28.3874015457939,26.6368493470555,25.7734411549927
Samoa,WSM,GDP per capita (current US$),NY.GDP.PCAP.CD,2550.04221437511,2663.29135939532,3038.61904093377,3373.60639884263,3279.18269477295,3524.2479246203,3821.50678264479,3934.60320799981,4023.5254013825,3982.68080202084,4084.36083819933,4147.07097674888,4307.59381964907,4231.81409469194,4351.94234943706,4099.59660548583,4021.55934894283,4132.44717734444,4822.74084650019,5392.87761915762
Samoa,WSM,"Life expectancy at birth, total (years)",SP.DYN.LE00.IN,71.487,71.62,71.605,71.531,69.486,71.451,71.393,71.159,71.229,71.142,71.06,71.003,70.991,71.052,70.269,70.727,71.096,71.55,71.698,..
Samoa,WSM,"Birth rate, crude (per 1,000 people)",SP.DYN.CBRT.IN,29.522,29.326,29.329,29.769,30.135,30.537,30.785,30.69,30.533,30.248,29.816,29.279,28.795,28.488,27.957,27.453,26.891,26.101,25.401,..
Samoa,WSM,Population growth (annual %),SP.POP.GROW,0.390647475706685,0.390192842270374,0.55463907450516,0.714778949876493,0.736861989277852,0.785366135493998,0.871732674893699,0.912557360248924,0.89673977043707,0.888269859280603,0.868555727857733,0.847318414943751,0.937123219994916,1.04941192646969,1.05329202031498,1.0262726301153,0.862068229419543,0.690847424147793,0.649190563116911,0.62390639530784
Samoa,WSM,"Fertility rate, total (births per woman)",SP.DYN.TFRT.IN,4.322,4.322,4.358,4.417,4.466,4.52,4.56,4.545,4.491,4.423,4.344,4.262,4.196,4.136,4.061,4.002,3.94,3.883,3.829,..
Samoa,WSM,Urban population (% of total population),SP.URB.TOTL.IN.ZS,21.2352904191687,20.9567957063672,20.6944481303605,20.4038457706991,20.1045321482817,19.8302101862085,19.6174273708146,19.478718368689,19.3865949620667,19.3126679480432,19.2340105383551,19.126462366749,18.9657191879831,18.7241267935467,18.4147344481283,18.0516608994722,17.5672426452007,17.5007949951039,17.5012799804602,17.5029115108018
Samoa,WSM,"School enrollment, secondary (% gross)",SE.SEC.ENRR,81.7751388549805,81.539176940918,80.4865264892578,..,82.5911865234375,84.0352967940982,82.7630728993357,82.3821348963746,..,87.4514117977902,87.5602107303153,87.3532286947715,..,..,..,..,..,..,..,..
Samoa,WSM,"School enrollment, primary (% gross)",SE.PRM.ENRR,102.360328674316,102.457702636719,103.185127258301,..,102.942909240723,107.650732168777,104.303479903574,104.036920795239,..,106.647163211452,107.081187816349,107.318115040963,106.410464540724,103.775300035196,103.104626360701,101.994834813153,104.730628904914,103.30974754162,101.617020641348,101.043324329961
Samoa,WSM,Current health expenditure per capita (current US$),SH.XPD.CHEX.PC.CD,121.24176788,133.41867065,147.84771729,156.89399719,172.45288086,185.43850708,211.88684082,197.01564026,247.41108704,252.30943298,232.50479126,238.35044861,220.82336426,200.40919495,242.91064453,252.77748108,285.65393066,259.95404053,292.81085205,..
Samoa,WSM,"Labor force participation rate, total (% of total population ages 15+) (modeled ILO estimate)",SL.TLF.CACT.ZS,55.424,55.345,55.292,55.142,55.132,54.921,54.774,54.872,54.869,54.838,54.71,54.498,54.432,52.348,50.147,47.572,45.59,43.733,43.438,43.084
Samoa,WSM,Exports of goods and services (% of GDP),NE.EXP.GNFS.ZS,28.535554984814,29.6137697677932,29.2106150610739,27.86241523118,27.9967668033599,27.7154274859941,28.3934220554301,26.2446900294783,28.100653623888,27.5922586728551,27.1409446818018,28.7780200010057,29.6622775974347,31.9656764793989,35.0333318895078,29.196412915403,11.4709134293911,11.4857734041295,26.208578449107,30.6578690306744
Singapore,SGP,GDP per capita (current US$),NY.GDP.PCAP.CD,29961.3172812732,33768.4528234651,39432.8860198877,40008.5720489092,38926.8054365453,47236.683084953,53891.4570264372,55547.5553077786,56967.4257940383,57564.8023114977,55645.6068614606,57005.5887176547,61236.251270627,66881.6067035265,65952.0378959293,61410.0792630788,80056.1288247844,90299.0694637269,85412.230345235,90674.066632628
Singapore,SGP,"Life expectancy at birth, total (years)",SP.DYN.LE00.IN,79.990243902439,80.1414634146341,80.4414634146342,80.790243902439,81.2414634146342,81.5414634146342,81.7439024390244,81.9951219512195,82.2463414634147,82.4951219512195,82.7439024390244,82.8463414634146,83.0951219512195,83.2975609756098,83.5951219512195,83.5439024390244,83.0926829268293,82.8951219512195,82.8951219512195,..
Singapore,SGP,"Birth rate, crude (per 1,000 people)",SP.DYN.CBRT.IN,10.2,10.3,10.3,10.2,9.9,9.3,9.5,10.1,9.3,9.8,9.7,9.4,8.9,8.8,8.8,8.5,8.6,7.9,7.4,..
Singapore,SGP,Population growth (annual %),SP.POP.GROW,2.35051128857175,3.1293891560754,4.16600286360933,5.32151708302623,3.0159499147579,1.77183287926401,2.08490245606007,2.45339033031018,1.61930809858875,1.29844017799226,1.18637693749822,1.29743609938602,0.0885954699924263,0.469704298714121,1.14428330688929,-0.311904961250833,-4.17033630017526,3.30862052439523,4.85831607781442,1.99449365639324
Singapore,SGP,"Fertility rate, total (births per woman)",SP.DYN.TFRT.IN,1.26,1.28,1.29,1.28,1.22,1.15,1.2,1.29,1.19,1.25,1.24,1.2,1.16,1.14,1.14,1.1,1.12,1.04,0.97,..
Singapore,SGP,Urban population (% of total population),SP.URB.TOTL.IN.ZS,100,100,100,100,100,100,100,100,100,100,100,100,100,100,100,100,100,100,100,100
Singapore,SGP,"School enrollment, secondary (% gross)",SE.SEC.ENRR,..,..,..,..,..,..,..,..,..,..,..,107.745868589242,107.472873863465,105.745250914262,104.621987875083,103.115839213946,102.951274385922,103.009804103267,103.082801906213,..
Singapore,SGP,"School enrollment, primary (% gross)",SE.PRM.ENRR,..,..,..,..,..,..,..,..,..,..,..,100.773205741627,100.626953870432,100.261866636903,100.692578354355,100.53590938338,99.8746450408043,99.5780376637324,100.245139192048,..
Singapore,SGP,Current health expenditure per capita (current US$),SH.XPD.CHEX.PC.CD,908.3760376,989.73895264,1116.97937012,1286.91345215,1326.11682129,1510.66784668,1700.1685791,1853.02429199,2102.97021484,2233.34960938,2330.39599609,2509.92163086,2673.66210938,2726.00683594,2924.24707031,3541.36450195,4050.81054688,3902.14428711,3921.60253906,..
Singapore,SGP,"Labor force participation rate, total (% of total population ages 15+) (modeled ILO estimate)",SL.TLF.CACT.ZS,65.197,66.08,65.497,66.615,66.57,67.37,67.376,67.943,67.768,68.556,69.53,69.244,68.943,68.581,68.986,68.712,70.686,69.734,69.394,69.202
Singapore,SGP,Exports of goods and services (% of GDP),NE.EXP.GNFS.ZS,225.159667736916,228.037617061062,212.779393731371,228.993770935119,190.844935011128,197.998960793027,203.327708649538,196.719612875759,195.077796338143,191.953535787505,178.384608499682,164.550664245506,171.741625509838,178.198251436118,176.891299992751,181.782024531778,182.710806574886,186.114290787201,181.561322405378,178.776286814392
Solomon Islands,SLB,GDP per capita (current US$),NY.GDP.PCAP.CD,1144.49233397681,1255.62447417684,1390.14870956707,1525.84666261203,1554.70671006386,1685.14535823757,1924.05795643133,2066.25738638356,2161.38627543917,2164.95289873002,2045.47721526649,2082.62383124213,2143.57670489272,2278.19908624102,2223.65890942466,2063.32780991967,2043.44413170658,1877.78104490956,1882.64394148042,1933.55538435227
Solomon Islands,SLB,"Life expectancy at birth, total (years)",SP.DYN.LE00.IN,67.79,67.968,67.845,68.336,68.397,68.669,68.824,68.961,69.007,68.984,69.323,69.501,69.652,69.806,69.981,69.258,68.89,70.409,70.528,..
Solomon Islands,SLB,"Birth rate, crude (per 1,000 people)",SP.DYN.CBRT.IN,34.027,33.993,33.944,33.847,33.678,33.203,32.962,32.734,32.486,32.554,31.895,31.137,30.083,29.147,28.413,27.966,27.699,27.283,26.935,..
Solomon Islands,SLB,Population growth (annual %),SP.POP.GROW,1.76867502615455,1.74709011654713,1.72668771876675,1.71153079844048,1.8212048247057,2.82139788482931,3.67971542315203,3.668421041016,3.65262148165308,3.62509398993661,3.58337916462009,3.52842038261052,3.45614796025836,3.35985912747517,2.65049803426017,2.22072148638778,2.40116798691356,2.39378076885188,2.39583243369756,2.37078352276169
Solomon Islands,SLB,"Fertility rate, total (births per woman)",SP.DYN.TFRT.IN,4.411,4.39,4.372,4.358,4.349,4.341,4.335,4.332,4.325,4.36,4.291,4.2,4.06,3.93,3.8,3.749,3.694,3.62,3.557,..
Solomon Islands,SLB,Urban population (% of total population),SP.URB.TOTL.IN.ZS,17.6001415877737,18.0540134013038,18.5333445288467,19.0370010521463,19.5633740998673,20.1194058206257,20.7284892962955,21.3906964219987,22.1027262484765,22.8612778264703,23.6630502067213,24.5047424399707,25.3830535769599,26.2946826684302,27.275106750276,28.0327555150022,28.6889396820578,29.3511689856806,30.0088821088389,30.6617188562194
Solomon Islands,SLB,"School enrollment, secondary (% gross)",SE.SEC.ENRR,30.6725997924805,35.7089614868164,36.7365608215332,..,..,50.952808380127,49.3238906860352,49.0498504638672,..,..,..,..,..,..,..,..,..,..,..,..
Solomon Islands,SLB,"School enrollment, primary (% gross)",SE.PRM.ENRR,98.3559722900391,104.057861328125,105.483810424805,..,..,114.760983533349,114.164307756346,110.128024198969,110.310354621437,108.983168803493,108.53733598305,108.672249064372,106.573590544667,100.189113095468,98.2067225777189,89.6007986762942,..,..,80.2544791015835,81.8445759596103
Solomon Islands,SLB,Current health expenditure per capita (current US$),SH.XPD.CHEX.PC.CD,89.02578735,87.74922943,89.10964203,75.66864014,93.879776,74.17661285,95.51364136,100.84831238,98.99965668,105.85440826,91.08989716,94.32994843,89.29357147,88.03850555,98.67025757,100.99560547,98.80261993,96.74864197,111.35532379,..
Solomon Islands,SLB,"Labor force participation rate, total (% of total population ages 15+) (modeled ILO estimate)",SL.TLF.CACT.ZS,84.453,84.474,84.511,84.456,84.509,84.335,84.239,84.305,84.273,84.367,84.427,84.34,84.32,84.304,84.313,83.518,83.907,84.284,84.28,84.276
Solomon Islands,SLB,Exports of goods and services (% of GDP),NE.EXP.GNFS.ZS,27.2985770339618,27.0632447245712,32.1480470288714,34.7308655042933,29.1564024386767,35.1513813705907,50.1517727632199,49.9110050416539,45.9325325964163,42.3363299739249,40.3605536351233,39.7286917063647,38.679143145876,42.1263727198079,36.4970023039809,27.9385390818234,26.5555182506775,28.1319766413802,36.2593066478577,40.5685062735727
Thailand,THA,GDP per capita (current US$),NY.GDP.PCAP.CD,2867.70383436062,3331.32043511773,3918.52817434581,4309.13509292986,4135.43986952819,4973.86288823778,5373.6232832898,5725.52802835463,6018.08244729255,5801.1978916205,5688.85335397884,5833.57715617098,6413.09182530343,7099.77650081458,7605.69657797759,6985.64393892574,7057.20754802279,6909.35281815827,7195.10130919449,7346.62022142185
Thailand,THA,"Life expectancy at birth, total (years)",SP.DYN.LE00.IN,72.894,73.341,73.779,74.221,74.669,75.012,75.302,75.59,75.96,76.279,76.563,76.769,76.989,77.19,77.197,77.331,77.606,75.291,76.412,..
Thailand,THA,"Birth rate, crude (per 1,000 people)",SP.DYN.CBRT.IN,13.488,13.208,12.926,12.525,12.188,12.009,11.943,11.758,11.367,10.95,10.594,10.111,9.765,9.4,9.056,8.792,8.544,8.38,8.245,..
Thailand,THA,Population growth (annual %),SP.POP.GROW,0.860087894461849,0.83006330336846,0.800044180541195,0.768156179389423,0.73854268159594,0.670617338343587,0.621807948253872,0.619591346751357,0.587325698680648,0.530129864137193,0.460976294059414,0.451266062797186,0.422963510133952,0.302929452489855,0.204609851692418,0.166540794566251,0.119758274714782,0.0111485454856964,-0.0458651887192549,-0.0480210554154485
Thailand,THA,"Fertility rate, total (births per woman)",SP.DYN.TFRT.IN,1.644,1.631,1.616,1.587,1.565,1.562,1.571,1.563,1.526,1.484,1.451,1.4,1.363,1.323,1.285,1.259,1.234,1.221,1.212,..
Thailand,THA,Urban population (% of total population),SP.URB.TOTL.IN.ZS,38.1301594392881,39.4424037014582,40.7036878697821,41.8954507430475,42.9991311200422,44.0018736622496,44.8048723557374,45.373565813715,45.8321343847773,46.3138799467897,46.9521043776171,47.8801095551247,49.2311973571777,54.5843734741211,55.9266166687012,57.2358779907227,58.5087776184082,59.742374420166,60.9341926574707,61.8689338391321
Thailand,THA,"School enrollment, secondary (% gross)",SE.SEC.ENRR,71.8262786865234,71.6298599243164,75.7808074951172,75.2078475952148,76.6007080078125,78.3943786621094,86.9894790649414,85.5365295410156,83.854850769043,123.525459289551,124.330596923828,122.563217163086,79.5062371844027,80.6045305135668,81.7206425877734,82.3668560969625,84.6644528199547,88.0661686868399,93.3356315272258,92.507325535959
Thailand,THA,"School enrollment, primary (% gross)",SE.PRM.ENRR,98.4672393798828,98.4360427856445,97.8308029174805,96.5354995727539,93.5188827514648,89.2488479614258,95.6526031494141,96.4982681274414,97.1840591430664,103.479377746582,103.333457946777,104.941299438477,101.863590810489,102.013545184574,103.012241063391,103.859900460568,103.619796585158,104.833004394528,102.574975655738,101.004223573604
Thailand,THA,Current health expenditure per capita (current US$),SH.XPD.CHEX.PC.CD,90.61147308,103.26116943,125.10979462,149.06762695,149.67800903,168.61891174,191.74464417,201.70690918,207.81243896,213.74395752,219.15092468,229.7849884,247.08152771,274.71221924,288.31097412,304.3817749,363.72845459,369.97647095,326.50482178,..
Thailand,THA,"Labor force participation rate, total (% of total population ages 15+) (modeled ILO estimate)",SL.TLF.CACT.ZS,73.038,72.482,72.873,72.877,72.835,71.657,73.226,72.825,69.97,69.794,69.269,68.315,67.525,67.798,66.94,67.021,66.952,67.18,67.814,67.129
Thailand,THA,Exports of goods and services (% of GDP),NE.EXP.GNFS.ZS,68.402716900887,68.6753420333013,68.8722751702483,71.4164181071068,64.4386124917652,66.4861731592239,70.8549093801611,68.9512356297981,67.1711410731483,68.3941351612178,67.6366902705865,67.0708839693011,66.6728324663767,64.838096899332,59.5188906218859,51.4944266088919,58.5593891849287,65.3727641914083,65.4445629404008,70.0497307410759
Timor-Leste,TLS,GDP per capita (current US$),NY.GDP.PCAP.CD,487.464506929223,464.667016791076,540.154630518785,628.153191495026,686.579329690731,813.060220670369,939.045238884406,1022.61906675901,1204.56843320518,1224.74956308733,1319.59295003154,1335.54391073349,1266.17771143471,1219.46599728983,1562.36458068032,1630.86938521256,2684.92676774277,2343.24954740187,1502.41147438211,1331.9705130185
Timor-Leste,TLS,"Life expectancy at birth, total (years)",SP.DYN.LE00.IN,61.272,61.881,62.396,62.858,63.265,63.66,64.022,64.384,64.719,65.027,65.326,65.61,65.898,66.204,66.496,66.919,66.199,67.368,67.689,..
Timor-Leste,TLS,"Birth rate, crude (per 1,000 people)",SP.DYN.CBRT.IN,36.236,35.061,34.046,33.097,32.25,31.488,30.679,29.794,28.962,28.055,27.06,26.15,25.251,24.481,23.855,23.352,22.73,22.424,22.077,..
Timor-Leste,TLS,Population growth (annual %),SP.POP.GROW,2.04941163420411,2.93915722136614,2.85582868913771,2.7037190705407,2.52049124930661,2.41648998363508,2.32623937394203,2.19848397897983,2.07630476166789,1.98314794878844,1.94624234080117,1.90525943887907,1.88641549739516,1.91930286555216,1.93928707188808,1.91159373351817,1.80006893139932,1.40884587356384,1.08884743970717,1.17433638550192
Timor-Leste,TLS,"Fertility rate, total (births per woman)",SP.DYN.TFRT.IN,5.611,5.474,5.333,5.171,4.994,4.816,4.614,4.404,4.208,3.999,3.779,3.582,3.399,3.244,3.116,3.011,2.892,2.801,2.707,..
Timor-Leste,TLS,Urban population (% of total population),SP.URB.TOTL.IN.ZS,26.3097308948751,27.121697883382,28.0011655196859,28.8076745459306,29.4007657042596,29.6398840020416,29.633352306451,29.6136082349605,29.5836906253246,29.5463092024041,29.5043315008419,29.4462907628171,29.3600996787092,29.248617510057,29.1148755245217,28.9619049897647,28.7927371734472,28.5857292288968,28.595471832952,28.6641074179574
Timor-Leste,TLS,"School enrollment, secondary (% gross)",SE.SEC.ENRR,59.4707984924316,..,..,57.0646095275879,67.0938568115234,68.3026309590313,70.1640602638495,70.0278421982138,67.8276665960217,69.3739464182596,72.9840325557506,77.3856943732818,81.1665700933061,83.0952419040915,85.1248242560832,84.7410404382553,..,..,..,..
Timor-Leste,TLS,"School enrollment, primary (% gross)",SE.PRM.ENRR,121.387603759766,..,..,123.960227966309,125.8955078125,128.029085001864,130.796519519568,129.969976978814,128.884641566738,127.791979258318,126.646454350675,123.315981015137,117.545590260011,113.613823069409,111.537505941321,110.606703667428,123.584941487948,119.036719326581,119.652693100113,..
Timor-Leste,TLS,Current health expenditure per capita (current US$),SH.XPD.CHEX.PC.CD,25.72540092,27.90169907,30.51906586,43.71953964,50.18856049,52.6151619,64.43626404,71.46888733,102.79840851,93.10574341,101.4779892,92.69400787,86.16269684,78.07413483,78.01346588,118.49451447,132.07870483,174.91529846,144.21452332,..
Timor-Leste,TLS,"Labor force participation rate, total (% of total population ages 15+) (modeled ILO estimate)",SL.TLF.CACT.ZS,69.449,69.685,69.223,68.669,68.13,67.652,67.409,67.262,67.163,66.98,66.882,66.823,67.058,67.204,66.51,65.922,66.473,66.56,66.577,66.763
Timor-Leste,TLS,Exports of goods and services (% of GDP),NE.EXP.GNFS.ZS,7.13646931650045,9.22931459125934,9.99696030574857,9.34641989022497,9.1663230491785,8.56462920224221,6.40578911515246,7.12282793141368,5.58459223964848,4.57179602250485,3.05030768868196,3.15642530747451,2.40901270152234,2.93152904035797,21.2143182884594,36.6662148149543,63.5127878342858,55.6119354586873,22.9230952988934,10.5575534107684
Tonga,TON,GDP per capita (current US$),NY.GDP.PCAP.CD,2477.72620144825,2750.34778600857,2797.06560109144,3218.45303993196,2914.23774004564,3416.08356601207,3849.99375750134,4384.17058724217,4219.24670113014,4136.59013792529,4123.90323993332,3987.98626206287,4365.92932788383,4675.04791274385,4788.83342304684,4792.35854741522,4922.80171378368,5298.01941509951,5651.59373063157,..
Tonga,TON,"Life expectancy at birth, total (years)",SP.DYN.LE00.IN,70.56,70.71,70.887,71.041,70.949,71.319,71.437,71.546,71.65,71.721,71.851,71.951,72.066,72.169,72.292,72.379,72.13,72.635,72.895,..
Tonga,TON,"Birth rate, crude (per 1,000 people)",SP.DYN.CBRT.IN,30.013,29.519,29.038,28.717,28.398,28.008,27.656,27.277,26.866,26.391,25.834,25.229,24.514,24.144,23.849,23.634,23.507,23.35,23.117,..
Tonga,TON,Population growth (annual %),SP.POP.GROW,0.56941817120878,0.549254886800715,0.444175977594245,0.275093040718062,0.170850043659503,0.183594875501069,0.158161636914974,-0.102311314323862,-0.356114444715887,-0.438960491824116,-0.483301677921251,-0.539650395978897,-0.159332355407353,0.20007307916608,0.09657445504329,0.0331168127621577,-0.202657341819835,-0.425589151486705,-0.424539964766316,-0.404269322267007
Tonga,TON,"Fertility rate, total (births per woman)",SP.DYN.TFRT.IN,4.195,4.141,4.086,4.012,3.946,3.879,3.829,3.768,3.696,3.619,3.54,3.463,3.388,3.326,3.274,3.234,3.198,3.171,3.129,..
Tonga,TON,Urban population (% of total population),SP.URB.TOTL.IN.ZS,23.1473956500293,23.1801421282521,23.2239976577967,23.2889000757567,23.3612068183251,23.4243619099178,23.46075468367,23.4589062635692,23.4170795020344,23.3431040935971,23.2434422818439,23.1277038505921,22.9711300654966,22.7017138925547,22.3288155626206,21.8766206823411,21.258003897665,21.147219451842,21.147944541337,21.1505271125521
Tonga,TON,"School enrollment, secondary (% gross)",SE.SEC.ENRR,..,97.8654708862305,102.244041442871,103.846702575684,104.440650939941,105.640548706055,107.053398132324,94.5147705078125,95.4586410522461,96.7714748784441,103.261224756552,..,..,..,96.0933090863485,90.4639980016237,106.143896523848,96.996718063038,91.8606656320055,92.4258049730721
Tonga,TON,"School enrollment, primary (% gross)",SE.PRM.ENRR,111.582809448242,110.631492614746,110.225120544434,112.813049316406,113.065528869629,113.930206298828,115.24356842041,117.420058635031,117.891068133671,117.461517317207,117.3600552868,..,..,116.087775982768,113.312034078807,112.25483743583,107.017315453717,106.535737282679,109.611591048228,108.789986091794
Tonga,TON,Current health expenditure per capita (current US$),SH.XPD.CHEX.PC.CD,108.29302216,149.22753906,134.56217957,190.86582947,118.79367065,166.58139038,193.43716431,318.4196167,171.82066345,210.86004639,181.91452026,208.53982544,246.34036255,278.49508667,266.68792725,262.55459595,348.79745483,382.79116821,357.54415894,..
Tonga,TON,"Labor force participation rate, total (% of total population ages 15+) (modeled ILO estimate)",SL.TLF.CACT.ZS,57.624,57.365,57.142,56.965,56.775,56.5,56.173,55.894,55.639,55.364,55.04,54.687,54.349,53.995,53.468,52.389,51.935,51.378,50.601,50.196
Tonga,TON,Exports of goods and services (% of GDP),NE.EXP.GNFS.ZS,17.8418396894625,14.5601745075368,12.2199248588783,15.9897857656292,13.6211689503155,12.5005634416983,16.2529188382085,17.0563243514826,20.3036338500243,16.9270363985678,16.9581509872971,24.5055595192508,22.1761347860229,21.2114165588612,22.2333041598028,19.7051224096685,11.0814141797271,10.7634075818954,14.7440206946818,..
Tuvalu,TUV,GDP per capita (current US$),NY.GDP.PCAP.CD,2304.82694329052,2396.26844307702,2794.16310084119,3088.30877413836,2683.96749549583,3024.8170790571,3636.08139989792,3598.46163091053,3510.21640142483,3528.85858102782,3357.83417700071,3808.69755015909,4165.66338700106,4466.12034928245,5115.13075950206,4976.11254109571,5905.08198095343,5911.32727055301,6344.7750188689,..
Tuvalu,TUV,"Life expectancy at birth, total (years)",SP.DYN.LE00.IN,64.096,64.247,64.402,64.516,64.693,64.834,64.96,65.079,65.171,65.278,65.365,65.51,65.683,65.871,66.109,66.357,65.824,66.852,67.105,..
Tuvalu,TUV,"Birth rate, crude (per 1,000 people)",SP.DYN.CBRT.IN,22.746,22.438,21.859,21.685,21.876,22.175,22.54,22.887,22.831,22.975,23.339,23.76,24.284,24.927,24.867,24.632,24.35,24.084,23.075,..
Tuvalu,TUV,Population growth (annual %),SP.POP.GROW,1.25533132598724,1.16024506194636,1.24519841921979,1.3559199103652,1.34734017778276,1.45198280440794,1.55186810751479,1.41846349919564,0.610897728449108,-0.154650929162867,-0.1913701773267,-0.301466450395575,-0.559660160739733,-1.09159270779589,-1.59388335810663,-1.73502922439289,-1.99103357602457,-2.00145390945735,-1.77710654146662,-1.74703857618302
Tuvalu,TUV,"Fertility rate, total (births per woman)",SP.DYN.TFRT.IN,3.546,3.525,3.446,3.415,3.425,3.442,3.463,3.47,3.389,3.33,3.308,3.297,3.301,3.328,3.331,3.309,3.277,3.244,3.208,..
Tuvalu,TUV,Urban population (% of total population),SP.URB.TOTL.IN.ZS,49.4209790930126,50.5229861226256,51.6722693652096,52.8338644492855,53.9728070033742,55.0541326559964,56.0428770356731,56.8964903305448,57.6314336806359,58.2999596618832,58.9148502652344,59.4744768348285,59.9531274910912,60.5596409590777,61.2406529218636,61.9212610534937,62.6098296425994,63.3065768081154,64.0117206689787,64.7254793441291
Tuvalu,TUV,"School enrollment, secondary (% gross)",SE.SEC.ENRR,..,..,..,..,..,..,..,..,..,79.6419067382812,87.6274566650391,77.9319915771484,..,78.7418670654297,80.2197799682617,77.0771513353116,88.8804841149773,92.0868890612878,93.2753164556962,90.6571654790182
Tuvalu,TUV,"School enrollment, primary (% gross)",SE.PRM.ENRR,101.186317443848,102.600143432617,..,..,..,..,..,..,..,103.576751117735,105.26706231454,100,..,94.9784774780273,96.4860907759883,102.034664657121,113.292117465224,110.604870384918,108.909370199693,101.138952164009
Tuvalu,TUV,Current health expenditure per capita (current US$),SH.XPD.CHEX.PC.CD,232.03250122,291.76730347,292.23049927,319.3182373,349.2015686,490.41107178,536.10473633,499.21899414,484.58966064,512.64215088,451.35287476,697.99798584,1017.49633789,819.41162109,1138.82617188,899.59460449,1122.39929199,1300.46679688,1723.56542969,..
Tuvalu,TUV,"Labor force participation rate, total (% of total population ages 15+) (modeled ILO estimate)",SL.TLF.CACT.ZS,..,..,..,..,..,..,..,..,..,..,..,..,..,..,..,..,..,..,..,..
Tuvalu,TUV,Exports of goods and services (% of GDP),NE.EXP.GNFS.ZS,..,..,..,..,..,..,..,..,..,..,..,..,..,..,..,..,..,..,..,..
Vanuatu,VUT,GDP per capita (current US$),NY.GDP.PCAP.CD,1873.99142640619,2034.79289624351,2333.70506748914,2603.60883136724,2546.38324565986,2815.18828985779,3163.1861645138,3004.78416664293,2979.79608084399,2973.09026493408,2854.89412272653,2956.12644801489,3159.86055790126,3206.65748718811,3207.44650452083,3042.98711598286,3107.20312858002,3370.21191956953,3482.61458237637,3410.77023167097
Vanuatu,VUT,"Life expectancy at birth, total (years)",SP.DYN.LE00.IN,69.166,69.126,69.144,69.302,69.422,69.57,69.729,69.898,69.986,70.043,70.163,70.397,70.5,70.626,70.783,70.385,69.952,71.302,71.477,..
Vanuatu,VUT,"Birth rate, crude (per 1,000 people)",SP.DYN.CBRT.IN,31.235,31.373,31.851,32.495,32.777,32.951,33.094,33.172,33.235,33.085,32.788,32.506,32.083,31.429,30.717,29.941,29.334,28.673,28.05,..
Vanuatu,VUT,Population growth (annual %),SP.POP.GROW,2.42477741761316,2.42018173069706,2.44889284600333,2.50809716109013,2.53915174529987,2.34288677835416,2.16980126854337,2.19727458776971,2.22472000551293,2.23741755913055,2.22716537972059,2.22459321328248,2.3321325606252,2.39543458138902,2.33048915705222,2.32661131084294,2.31850921412366,2.31965082626492,2.32481600892244,2.27351944261437
Vanuatu,VUT,"Fertility rate, total (births per woman)",SP.DYN.TFRT.IN,4.133,4.1,4.117,4.159,4.157,4.126,4.093,4.059,4.039,3.999,3.952,3.915,3.875,3.834,3.79,3.738,3.696,3.647,3.596,..
Vanuatu,VUT,Urban population (% of total population),SP.URB.TOTL.IN.ZS,23.0020186653551,23.2888338847199,23.5955155378332,23.9280261965467,24.2861753285463,24.742504119873,24.7861634049013,24.8183551383933,24.8407362750263,24.8549637694775,24.8626945764242,24.8654875642873,24.7644441456437,24.2729727045038,23.5024668917075,22.4186852094794,22.2501822422475,22.2541249733107,22.2651966823901,22.2866933360645
Vanuatu,VUT,"School enrollment, secondary (% gross)",SE.SEC.ENRR,..,..,..,..,..,55.240120859084,..,..,..,..,57.2510185241699,..,..,..,..,59.1688003540039,62.9433097839355,81.9551276325385,134.670675170038,..
Vanuatu,VUT,"School enrollment, primary (% gross)",SE.PRM.ENRR,117.433708190918,112.991249084473,114.875457763672,116.41520690918,115.380256652832,122.730741733738,..,..,123.926397496944,..,121.881393432617,..,..,..,125.506535236654,125.124809265137,122.872890234772,118.366532355349,113.170782080259,112.491972007523
Vanuatu,VUT,Current health expenditure per capita (current US$),SH.XPD.CHEX.PC.CD,61.93361664,67.60163116,72.5284729,81.72294617,82.80382538,99.27418518,113.80240631,118.27751923,130.88458252,108.2263031,118.71543121,88.35998535,91.04128265,110.32492065,112.13746643,125.41011047,142.56698608,136.79508972,143.43753052,..
Vanuatu,VUT,"Labor force participation rate, total (% of total population ages 15+) (modeled ILO estimate)",SL.TLF.CACT.ZS,76.998,76.869,74.053,71.024,67.794,64.385,63.759,63.128,62.492,61.853,61.209,60.561,59.909,59.254,58.596,58.039,58.284,58.425,58.399,58.345
Vanuatu,VUT,Exports of goods and services (% of GDP),NE.EXP.GNFS.ZS,45.3833317882637,41.2725514801177,41.5875836515558,46.4777909560162,50.5556697282514,48.7183826697028,45.6062695014876,51.3106613932273,51.6821960609273,51.3341144515751,44.2873016256431,47.4423775630666,47.6609019149093,56.6105327921724,50.3452768729642,18.4734439478123,9.55365640291089,9.42548191484117,..,..
Viet Nam,VNM,GDP per capita (current US$),NY.GDP.PCAP.CD,710.746759994861,807.756645117054,925.640338348717,1163.83195772873,1226.16976051536,1683.16182443979,1950.92504174913,2185.11767654291,2359.51736472828,2546.38464459903,2577.56885340113,2735.0604380416,2956.10992127753,3222.31003125366,3440.90025375434,3534.03953482647,3704.1935590038,4147.69777213621,4323.35031982451,4717.29028732449
Viet Nam,VNM,"Life expectancy at birth, total (years)",SP.DYN.LE00.IN,73.198,73.293,73.385,73.455,73.525,73.611,73.713,73.762,73.821,73.886,73.955,73.984,74.026,74.1,74.211,75.383,74.145,74.502,74.588,..
Viet Nam,VNM,"Birth rate, crude (per 1,000 people)",SP.DYN.CBRT.IN,17.369,17.249,17.537,17.664,17.528,17.409,17.588,17.892,17.888,18.671,18.498,17.313,16.764,15.438,15.513,15.234,14.735,14.272,13.831,..
Viet Nam,VNM,Population growth (annual %),SP.POP.GROW,0.928402391177897,1.32258336381927,1.76779845772365,1.82745521345807,1.49648723830416,1.14440259659988,1.15183406119192,1.1709874078049,1.1802975549343,1.21423463554626,1.23975403093124,1.25988366517733,1.24420473643635,1.10791395242199,0.968366698803348,0.927434295850725,0.868883560805873,0.750756665157789,0.671429250652247,0.631267006487247
Viet Nam,VNM,"Fertility rate, total (births per woman)",SP.DYN.TFRT.IN,1.887,1.873,1.911,1.933,1.92,1.906,1.927,1.967,1.98,2.09,2.1,2,1.985,1.88,1.943,1.957,1.942,1.927,1.913,..
Viet Nam,VNM,Urban population (% of total population),SP.URB.TOTL.IN.ZS,27.4285898187702,28.0458290558422,28.6456370509099,29.2198330128693,29.7581347355675,30.2504027258526,30.6996041680996,31.1222779403029,31.5334201724543,31.9480269945454,32.3810945365679,32.8476189285136,33.3625963003742,33.9410227821412,34.6239134999511,35.5706676299742,36.6540656426603,37.5478515625,38.1298904418945,38.4900703430176
Viet Nam,VNM,"School enrollment, secondary (% gross)",SE.SEC.ENRR,..,..,..,..,..,..,..,..,..,..,89.4548341262217,90.1583347107672,91.0725198149335,92.8377710790826,94.654621676317,93.1921389514105,92.7690209240401,93.4123434096522,..,..
Viet Nam,VNM,"School enrollment, primary (% gross)",SE.PRM.ENRR,104.89729309082,103.91251373291,102.282257080078,100.98104095459,100.057693481445,100.919677734375,101.384051611447,102.054953695526,102.262367182756,103.083557760139,103.278372065069,105.947597481197,104.437659436385,104.190504718464,103.337272102979,102.847744602601,103.391282723881,104.129392785949,105.170807361038,106.332886485835
Viet Nam,VNM,Current health expenditure per capita (current US$),SH.XPD.CHEX.PC.CD,38.96974945,46.86905289,54.40701294,64.433815,69.82720184,85.36088562,97.05238342,109.29483795,104.10972595,119.44549561,121.43981171,133.1960144,147.51425171,161.97871399,171.15296936,153.10160828,168.09350586,188.22650146,197.19210815,..
Viet Nam,VNM,"Labor force participation rate, total (% of total population ages 15+) (modeled ILO estimate)",SL.TLF.CACT.ZS,74.247,74.596,75.032,75.587,76.039,76.268,76.372,76.323,77.234,77.306,77.43,76.965,77.2,77.482,76.615,74.367,73.738,74.484,73.545,73.134
Viet Nam,VNM,Exports of goods and services (% of GDP),NE.EXP.GNFS.ZS,63.6994926701393,67.7168143260187,70.517874602272,70.3366919402715,62.6088840664865,54.1758459668515,61.1801557211956,63.4739249038633,66.8004459919109,69.5985759502054,72.9228518369495,74.1072862556183,81.7625218355655,84.4234560833365,85.1575874073411,84.381598008957,93.8502071275575,93.420129043511,86.4674192371297,90.1542210476659
,,,,,,,,,,,,,,,,,,,,,,,
,,,,,,,,,,,,,,,,,,,,,,,
,,,,,,,,,,,,,,,,,,,,,,,
Data from database: World Development Indicators,,,,,,,,,,,,,,,,,,,,,,,
Last Updated: 01/28/2026,,,,,,,,,,,,,,,,,,,,,,,
